date,quantity,status
2020-01-01,55.000000000000014,recorded
2020-01-02,2028.0,recorded
2020-01-03,2848.0000000000014,recorded
2020-01-04,2153.9999999999995,recorded
2020-01-05,,negative_review
2020-01-06,416.00000000000006,recorded
2020-01-07,3904.0000000000027,recorded
2020-01-08,3942.0,recorded
2020-01-09,2667.0000000000005,recorded
2020-01-10,3437.999999999999,recorded
2020-01-11,1694.0000000000007,recorded
2020-01-12,2776.000000000001,recorded
2020-01-13,3815.000000000004,recorded
2020-01-14,2622.0000000000014,recorded
2020-01-15,3715.0000000000045,recorded
2020-01-16,3056.0000000000014,recorded
2020-01-17,3263.9999999999995,recorded
2020-01-18,1743.0,recorded
2020-01-19,1203.0000000000002,recorded
2020-01-20,3542.0000000000014,recorded
2020-01-21,3029.0000000000027,recorded
2020-01-22,5989.0,recorded
2020-01-23,2819.0000000000005,recorded
2020-01-24,3592.0000000000014,recorded
2020-01-25,1871.0000000000007,recorded
2020-01-26,2285.0,recorded
2020-01-27,3570.0000000000023,recorded
2020-01-28,2453.0000000000005,recorded
2020-01-29,2821.0,recorded
2020-01-30,4039.0000000000027,recorded
2020-01-31,3540.0000000000023,recorded
2020-02-01,1761.0000000000002,recorded
2020-02-02,2716.0000000000005,recorded
2020-02-03,4122.000000000005,recorded
2020-02-04,2695.999999999999,recorded
2020-02-05,4719.999999999999,recorded
2020-02-06,3304.000000000002,recorded
2020-02-07,3577.0000000000014,recorded
2020-02-08,1861.0,recorded
2020-02-09,1864.9999999999998,recorded
2020-02-10,3388.0000000000014,recorded
2020-02-11,2446.999999999999,recorded
2020-02-12,3281.0000000000045,recorded
2020-02-13,2928.0000000000014,recorded
2020-02-14,3834.0000000000005,recorded
2020-02-15,1804.0000000000007,recorded
2020-02-16,998.0,recorded
2020-02-17,4399.0,recorded
2020-02-18,2226.000000000001,recorded
2020-02-19,3927.0000000000023,recorded
2020-02-20,3185.000000000001,recorded
2020-02-21,3372.000000000001,recorded
2020-02-22,1538.0,recorded
2020-02-23,683.0,recorded
2020-02-24,3967.0000000000014,recorded
2020-02-25,2776.0000000000023,recorded
2020-02-26,4519.0,recorded
2020-02-27,3998.0000000000005,recorded
2020-02-28,3747.0000000000036,recorded
2020-02-29,2044.9999999999993,recorded
2020-03-01,,negative_review
2020-03-02,2375.9999999999995,recorded
2020-03-03,4485.000000000005,recorded
2020-03-04,2388.0000000000005,recorded
2020-03-05,3430.999999999999,recorded
2020-03-06,2983.9999999999995,recorded
2020-03-07,1570.9999999999993,recorded
2020-03-08,1013.0,recorded
2020-03-09,3655.000000000001,recorded
2020-03-10,3516.0000000000014,recorded
2020-03-11,3676.0,recorded
2020-03-12,2858.0000000000005,recorded
2020-03-13,5205.000000000004,recorded
2020-03-14,3139.9999999999986,recorded
2020-03-15,1986.0,recorded
2020-03-16,4998.000000000001,recorded
2020-03-17,6619.000000000005,recorded
2020-03-18,3142.0000000000014,recorded
2020-03-19,3248.0000000000014,recorded
2020-03-20,3071.0,recorded
2020-03-21,2360.9999999999986,recorded
2020-03-22,3492.9999999999995,recorded
2020-03-23,5476.000000000002,recorded
2020-03-24,2289.9999999999995,recorded
2020-03-25,1126.0,recorded
2020-03-26,3611.000000000001,recorded
2020-03-27,3654.000000000001,recorded
2020-03-28,1974.9999999999977,recorded
2020-03-29,629.0,recorded
2020-03-30,3886.000000000001,recorded
2020-03-31,4839.000000000001,recorded
2020-04-01,3731.0000000000055,recorded
2020-04-02,2362.0000000000005,recorded
2020-04-03,4252.000000000002,recorded
2020-04-04,1915.9999999999989,recorded
2020-04-05,2163.0,recorded
2020-04-06,2777.0000000000005,recorded
2020-04-07,1903.0000000000005,recorded
2020-04-08,1976.999999999999,recorded
2020-04-09,5072.000000000002,recorded
2020-04-10,2756.0,recorded
2020-04-11,1636.999999999999,recorded
2020-04-12,935.0,recorded
2020-04-13,3655.0000000000023,recorded
2020-04-14,2398.0,recorded
2020-04-15,1922.0000000000005,recorded
2020-04-16,2853.0000000000005,recorded
2020-04-17,3480.0,recorded
2020-04-18,1563.0000000000002,recorded
2020-04-19,,missing_date
2020-04-20,716.0000000000001,recorded
2020-04-21,2276.000000000001,recorded
2020-04-22,3224.9999999999995,recorded
2020-04-23,2545.0,recorded
2020-04-24,2710.0000000000014,recorded
2020-04-25,1727.9999999999995,recorded
2020-04-26,644.0,recorded
2020-04-27,3652.0000000000023,recorded
2020-04-28,3214.0000000000036,recorded
2020-04-29,5162.000000000002,recorded
2020-04-30,2064.0,recorded
2020-05-01,1314.0,recorded
2020-05-02,2612.9999999999995,recorded
2020-05-03,1458.0,recorded
2020-05-04,3717.0000000000023,recorded
2020-05-05,3953.0000000000005,recorded
2020-05-06,5374.999999999999,recorded
2020-05-07,5252.999999999999,recorded
2020-05-08,4535.000000000004,recorded
2020-05-09,2327.0,recorded
2020-05-10,3058.0000000000005,recorded
2020-05-11,4566.000000000001,recorded
2020-05-12,3342.0000000000023,recorded
2020-05-13,5099.999999999999,recorded
2020-05-14,5670.0,recorded
2020-05-15,3803.000000000005,recorded
2020-05-16,2307.0000000000005,recorded
2020-05-17,493.0000000000001,recorded
2020-05-18,5244.999999999999,recorded
2020-05-19,5057.000000000002,recorded
2020-05-20,4734.999999999999,recorded
2020-05-21,5942.000000000005,recorded
2020-05-22,4604.999999999999,recorded
2020-05-23,2604.0000000000005,recorded
2020-05-24,1583.0,recorded
2020-05-25,4933.000000000001,recorded
2020-05-26,3715.0,recorded
2020-05-27,5712.0,recorded
2020-05-28,3321.000000000001,recorded
2020-05-29,3784.0000000000027,recorded
2020-05-30,2072.9999999999995,recorded
2020-05-31,2219.0000000000005,recorded
2020-06-01,5580.000000000004,recorded
2020-06-02,2654.9999999999995,recorded
2020-06-03,4318.000000000001,recorded
2020-06-04,3060.9999999999986,recorded
2020-06-05,3609.0000000000005,recorded
2020-06-06,1936.9999999999986,recorded
2020-06-07,1455.0,recorded
2020-06-08,2522.0,recorded
2020-06-09,4017.0000000000023,recorded
2020-06-10,3573.9999999999995,recorded
2020-06-11,4876.000000000003,recorded
2020-06-12,2809.0000000000005,recorded
2020-06-13,1890.999999999999,recorded
2020-06-14,2018.0,recorded
2020-06-15,3302.0000000000023,recorded
2020-06-16,2201.999999999999,recorded
2020-06-17,3251.000000000001,recorded
2020-06-18,5865.000000000004,recorded
2020-06-19,3287.0000000000014,recorded
2020-06-20,1918.0,recorded
2020-06-21,2474.0,recorded
2020-06-22,3812.999999999999,recorded
2020-06-23,2406.000000000001,recorded
2020-06-24,4472.000000000001,recorded
2020-06-25,4292.000000000002,recorded
2020-06-26,3240.000000000002,recorded
2020-06-27,1765.0000000000005,recorded
2020-06-28,2357.0,recorded
2020-06-29,3151.0000000000005,recorded
2020-06-30,3228.0000000000014,recorded
2020-07-01,3465.000000000002,recorded
2020-07-02,5039.0,recorded
2020-07-03,3942.0000000000014,recorded
2020-07-04,2397.0000000000014,recorded
2020-07-05,513.0,recorded
2020-07-06,5987.000000000005,recorded
2020-07-07,3358.0000000000005,recorded
2020-07-08,4247.000000000002,recorded
2020-07-09,2755.0000000000014,recorded
2020-07-10,3553.0500000000015,recorded
2020-07-11,1778.0,recorded
2020-07-12,1188.0000000000002,recorded
2020-07-13,4693.000000000001,recorded
2020-07-14,3217.0,recorded
2020-07-15,2638.0000000000014,recorded
2020-07-16,5863.000000000004,recorded
2020-07-17,3075.000000000001,recorded
2020-07-18,1450.999999999999,recorded
2020-07-19,2087.0,recorded
2020-07-20,3044.0000000000014,recorded
2020-07-21,2849.000000000001,recorded
2020-07-22,2100.9999999999986,recorded
2020-07-23,4628.000000000004,recorded
2020-07-24,3068.000000000002,recorded
2020-07-25,1428.9999999999995,recorded
2020-07-26,890.0,recorded
2020-07-27,3954.000000000003,recorded
2020-07-28,3214.0000000000027,recorded
2020-07-29,3071.0,recorded
2020-07-30,3009.000000000002,recorded
2020-07-31,2433.9999999999995,recorded
2020-08-01,1459.9999999999993,recorded
2020-08-02,1843.0,recorded
2020-08-03,4710.000000000002,recorded
2020-08-04,2171.000000000001,recorded
2020-08-05,2770.9999999999995,recorded
2020-08-06,3611.000000000001,recorded
2020-08-07,3581.0000000000014,recorded
2020-08-08,1224.9999999999993,recorded
2020-08-09,1866.0,recorded
2020-08-10,3457.0,recorded
2020-08-11,2394.9999999999995,recorded
2020-08-12,2354.0000000000014,recorded
2020-08-13,5061.000000000001,recorded
2020-08-14,1799.0000000000002,recorded
2020-08-15,109.00000000000001,recorded
2020-08-16,1264.0,recorded
2020-08-17,3464.0000000000027,recorded
2020-08-18,2295.0,recorded
2020-08-19,2765.0,recorded
2020-08-20,4912.000000000002,recorded
2020-08-21,2381.0,recorded
2020-08-22,1503.9999999999995,recorded
2020-08-23,1149.0000000000002,recorded
2020-08-24,3210.0000000000023,recorded
2020-08-25,2663.0000000000014,recorded
2020-08-26,3982.9999999999995,recorded
2020-08-27,3318.0000000000027,recorded
2020-08-28,3482.0000000000014,recorded
2020-08-29,1566.0,recorded
2020-08-30,1337.9999999999998,recorded
2020-08-31,3850.000000000004,recorded
2020-09-01,2795.0000000000005,recorded
2020-09-02,5046.000000000001,recorded
2020-09-03,3990.000000000002,recorded
2020-09-04,3292.999999999999,recorded
2020-09-05,1615.0000000000011,recorded
2020-09-06,1995.0,recorded
2020-09-07,3578.0000000000005,recorded
2020-09-08,2637.0,recorded
2020-09-09,5721.000000000001,recorded
2020-09-10,3444.000000000001,recorded
2020-09-11,2923.000000000001,recorded
2020-09-12,1668.999999999999,recorded
2020-09-13,2654.0000000000005,recorded
2020-09-14,4688.000000000004,recorded
2020-09-15,4908.000000000002,recorded
2020-09-16,3645.0,recorded
2020-09-17,3055.0000000000027,recorded
2020-09-18,3881.000000000003,recorded
2020-09-19,1913.0000000000011,recorded
2020-09-20,1130.0,recorded
2020-09-21,4960.000000000002,recorded
2020-09-22,2617.000000000001,recorded
2020-09-23,4094.0000000000005,recorded
2020-09-24,3637.0000000000023,recorded
2020-09-25,3427.999999999999,recorded
2020-09-26,1603.0000000000005,recorded
2020-09-27,1440.0,recorded
2020-09-28,4087.0000000000014,recorded
2020-09-29,2422.0000000000005,recorded
2020-09-30,5544.000000000001,recorded
2020-10-01,4007.999999999999,recorded
2020-10-02,3759.9999999999995,recorded
2020-10-03,1871.9999999999975,recorded
2020-10-04,3351.0,recorded
2020-10-05,4195.999999999999,recorded
2020-10-06,3031.0000000000005,recorded
2020-10-07,3618.0000000000005,recorded
2020-10-08,4527.000000000001,recorded
2020-10-09,2956.0000000000014,recorded
2020-10-10,1532.999999999999,recorded
2020-10-11,1781.9999999999998,recorded
2020-10-12,4275.0,recorded
2020-10-13,3088.9999999999995,recorded
2020-10-14,3895.000000000001,recorded
2020-10-15,4419.0,recorded
2020-10-16,3700.9999999999977,recorded
2020-10-17,1672.0000000000002,recorded
2020-10-18,1763.0,recorded
2020-10-19,3490.9999999999986,recorded
2020-10-20,2595.0,recorded
2020-10-21,2785.999999999999,recorded
2020-10-22,3832.0,recorded
2020-10-23,3208.9999999999995,recorded
2020-10-24,1782.9999999999984,recorded
2020-10-25,1152.0000000000002,recorded
2020-10-26,3956.0000000000023,recorded
2020-10-27,2195.0000000000005,recorded
2020-10-28,881.0000000000001,recorded
2020-10-29,4589.999999999998,recorded
2020-10-30,3820.000000000001,recorded
2020-10-31,2417.9999999999977,recorded
2020-11-01,2652.9999999999995,recorded
2020-11-02,5781.000000000001,recorded
2020-11-03,3628.0000000000005,recorded
2020-11-04,3817.9999999999973,recorded
2020-11-05,5148.000000000001,recorded
2020-11-06,4400.000000000002,recorded
2020-11-07,2639.9999999999995,recorded
2020-11-08,1685.0,recorded
2020-11-09,5128.000000000002,recorded
2020-11-10,2481.999999999999,recorded
2020-11-11,4488.000000000004,recorded
2020-11-12,3276.0,recorded
2020-11-13,4085.9999999999986,recorded
2020-11-14,1784.9999999999986,recorded
2020-11-15,1196.0,recorded
2020-11-16,5072.0,recorded
2020-11-17,2609.999999999999,recorded
2020-11-18,3747.0000000000023,recorded
2020-11-19,3208.9999999999995,recorded
2020-11-20,2313.000000000001,recorded
2020-11-21,1540.999999999999,recorded
2020-11-22,2042.0000000000002,recorded
2020-11-23,4014.000000000001,recorded
2020-11-24,1939.9999999999993,recorded
2020-11-25,2549.9999999999986,recorded
2020-11-26,3783.999999999998,recorded
2020-11-27,2718.9999999999995,recorded
2020-11-28,1659.9999999999998,recorded
2020-11-29,973.0,recorded
2020-11-30,4759.0,recorded
2020-12-01,2334.9999999999995,recorded
2020-12-02,2868.9999999999977,recorded
2020-12-03,3963.000000000004,recorded
2020-12-04,3164.0000000000005,recorded
2020-12-05,1586.0,recorded
2020-12-06,715.0,recorded
2020-12-07,3028.0000000000005,recorded
2020-12-08,3049.9999999999995,recorded
2020-12-09,3478.0000000000005,recorded
2020-12-10,4310.999999999999,recorded
2020-12-11,2475.999999999999,recorded
2020-12-12,1526.0,recorded
2020-12-13,438.00000000000006,recorded
2020-12-14,3133.9999999999995,recorded
2020-12-15,2603.9999999999995,recorded
2020-12-16,2613.999999999999,recorded
2020-12-17,3009.9999999999986,recorded
2020-12-18,2971.999999999999,recorded
2020-12-19,1446.9999999999984,recorded
2020-12-20,1399.0,recorded
2020-12-21,3495.9999999999986,recorded
2020-12-22,2417.9999999999995,recorded
2020-12-23,4824.000000000002,recorded
2020-12-24,2991.999999999999,recorded
2020-12-25,,missing_date
2020-12-26,,missing_date
2020-12-27,1517.0,recorded
2020-12-28,4378.999999999998,recorded
2020-12-29,2709.0000000000005,recorded
2020-12-30,3123.9999999999995,recorded
2020-12-31,1489.9999999999989,recorded
2021-01-01,,negative_review
2021-01-02,0.0,recorded
2021-01-03,2508.0000000000005,recorded
2021-01-04,3697.0,recorded
2021-01-05,1706.0000000000011,recorded
2021-01-06,413.0,recorded
2021-01-07,4566.000000000003,recorded
2021-01-08,3270.0000000000023,recorded
2021-01-09,2026.0000000000007,recorded
2021-01-10,1857.9999999999995,recorded
2021-01-11,4903.000000000004,recorded
2021-01-12,2749.000000000002,recorded
2021-01-13,3222.0000000000014,recorded
2021-01-14,5340.000000000005,recorded
2021-01-15,3898.000000000002,recorded
2021-01-16,2077.000000000001,recorded
2021-01-17,2631.0000000000005,recorded
2021-01-18,4514.000000000003,recorded
2021-01-19,2792.0000000000014,recorded
2021-01-20,5205.000000000001,recorded
2021-01-21,3193.9999999999995,recorded
2021-01-22,3649.000000000001,recorded
2021-01-23,1636.0000000000002,recorded
2021-01-24,2944.0000000000005,recorded
2021-01-25,3935.0000000000023,recorded
2021-01-26,2143.000000000001,recorded
2021-01-27,2976.0000000000014,recorded
2021-01-28,4376.000000000001,recorded
2021-01-29,3167.0000000000023,recorded
2021-01-30,1808.0000000000005,recorded
2021-01-31,1144.9999999999998,recorded
2021-02-01,5063.000000000004,recorded
2021-02-02,2785.000000000002,recorded
2021-02-03,2938.0000000000014,recorded
2021-02-04,3705.0,recorded
2021-02-05,3328.0000000000014,recorded
2021-02-06,1722.9999999999995,recorded
2021-02-07,3696.0,recorded
2021-02-08,3845.000000000003,recorded
2021-02-09,2124.0000000000005,recorded
2021-02-10,5273.000000000001,recorded
2021-02-11,3876.999999999999,recorded
2021-02-12,3204.000000000002,recorded
2021-02-13,2919.0000000000023,recorded
2021-02-14,2200.0,recorded
2021-02-15,3678.0000000000036,recorded
2021-02-16,1810.0,recorded
2021-02-17,2201.000000000001,recorded
2021-02-18,3029.0000000000005,recorded
2021-02-19,3835.000000000002,recorded
2021-02-20,1776.0000000000007,recorded
2021-02-21,926.0000000000001,recorded
2021-02-22,5082.000000000004,recorded
2021-02-23,2254.0000000000005,recorded
2021-02-24,2668.000000000002,recorded
2021-02-25,4652.000000000002,recorded
2021-02-26,2648.000000000002,recorded
2021-02-27,1799.9999999999998,recorded
2021-02-28,1814.9999999999998,recorded
2021-03-01,4602.000000000003,recorded
2021-03-02,2734.000000000001,recorded
2021-03-03,2658.0000000000014,recorded
2021-03-04,3869.000000000001,recorded
2021-03-05,2866.000000000001,recorded
2021-03-06,1478.0,recorded
2021-03-07,1538.0000000000002,recorded
2021-03-08,3640.000000000002,recorded
2021-03-09,2749.000000000001,recorded
2021-03-10,3244.000000000001,recorded
2021-03-11,2592.000000000001,recorded
2021-03-12,4199.000000000004,recorded
2021-03-13,1689.0000000000007,recorded
2021-03-14,0.0,recorded
2021-03-15,552.0000000000001,recorded
2021-03-16,3721.000000000001,recorded
2021-03-17,3428.0000000000005,recorded
2021-03-18,3861.0000000000014,recorded
2021-03-19,3058.0000000000023,recorded
2021-03-20,1484.9999999999998,recorded
2021-03-21,761.9999999999999,recorded
2021-03-22,3735.000000000001,recorded
2021-03-23,3317.0,recorded
2021-03-24,2134.000000000001,recorded
2021-03-25,1073.0000000000002,recorded
2021-03-26,3262.0000000000005,recorded
2021-03-27,1766.0000000000002,recorded
2021-03-28,1690.9999999999998,recorded
2021-03-29,5391.000000000003,recorded
2021-03-30,2765.000000000001,recorded
2021-03-31,2428.0000000000014,recorded
2021-04-01,5312.000000000002,recorded
2021-04-02,2843.000000000002,recorded
2021-04-03,1650.0000000000005,recorded
2021-04-04,1388.0,recorded
2021-04-05,4049.0000000000027,recorded
2021-04-06,2580.0000000000005,recorded
2021-04-07,3779.000000000002,recorded
2021-04-08,3534.000000000001,recorded
2021-04-09,2749.000000000001,recorded
2021-04-10,1448.0,recorded
2021-04-11,2371.0,recorded
2021-04-12,3862.0000000000014,recorded
2021-04-13,2398.0000000000005,recorded
2021-04-14,3868.0000000000014,recorded
2021-04-15,4090.9999999999986,recorded
2021-04-16,2738.0000000000014,recorded
2021-04-17,1586.0,recorded
2021-04-18,491.00000000000006,recorded
2021-04-19,3934.000000000002,recorded
2021-04-20,3308.000000000001,recorded
2021-04-21,2437.0000000000005,recorded
2021-04-22,3584.000000000001,recorded
2021-04-23,2410.000000000001,recorded
2021-04-24,1341.9999999999995,recorded
2021-04-25,2205.9999999999995,recorded
2021-04-26,4001.000000000001,recorded
2021-04-27,2142.0,recorded
2021-04-28,2593.0000000000005,recorded
2021-04-29,4131.000000000001,recorded
2021-04-30,2940.0000000000005,recorded
2021-05-01,1443.0,recorded
2021-05-02,0.0,recorded
2021-05-03,0.0,recorded
2021-05-04,542.0,recorded
2021-05-05,3214.9999999999995,recorded
2021-05-06,3938.0000000000005,recorded
2021-05-07,4122.000000000001,recorded
2021-05-08,2507.000000000001,recorded
2021-05-09,2707.0,recorded
2021-05-10,5988.000000000003,recorded
2021-05-11,3399.000000000001,recorded
2021-05-12,3364.000000000001,recorded
2021-05-13,5536.000000000002,recorded
2021-05-14,3860.000000000002,recorded
2021-05-15,2265.000000000001,recorded
2021-05-16,1021.9999999999999,recorded
2021-05-17,5169.000000000002,recorded
2021-05-18,2954.0000000000027,recorded
2021-05-19,5394.000000000003,recorded
2021-05-20,5163.000000000001,recorded
2021-05-21,3859.000000000001,recorded
2021-05-22,2445.0000000000005,recorded
2021-05-23,2111.0000000000005,recorded
2021-05-24,5722.000000000003,recorded
2021-05-25,2264.0000000000005,recorded
2021-05-26,2555.000000000002,recorded
2021-05-27,5701.0,recorded
2021-05-28,4342.000000000001,recorded
2021-05-29,2354.0000000000005,recorded
2021-05-30,1497.0000000000002,recorded
2021-05-31,4657.0,recorded
2021-06-01,4207.000000000002,recorded
2021-06-02,3157.0000000000027,recorded
2021-06-03,5209.000000000003,recorded
2021-06-04,4917.000000000002,recorded
2021-06-05,2480.000000000001,recorded
2021-06-06,3352.0,recorded
2021-06-07,4743.000000000003,recorded
2021-06-08,4124.000000000003,recorded
2021-06-09,5315.0,recorded
2021-06-10,5489.000000000002,recorded
2021-06-11,4087.0,recorded
2021-06-12,2314.000000000001,recorded
2021-06-13,2907.0,recorded
2021-06-14,4912.000000000005,recorded
2021-06-15,3620.000000000002,recorded
2021-06-16,2760.0000000000005,recorded
2021-06-17,6997.999999999999,recorded
2021-06-18,3669.0000000000027,recorded
2021-06-19,2268.0000000000014,recorded
2021-06-20,2216.0,recorded
2021-06-21,3523.9999999999995,recorded
2021-06-22,4044.0000000000027,recorded
2021-06-23,3280.000000000002,recorded
2021-06-24,7048.000000000004,recorded
2021-06-25,3134.0000000000023,recorded
2021-06-26,2266.0000000000014,recorded
2021-06-27,2683.0,recorded
2021-06-28,4647.000000000003,recorded
2021-06-29,3525.000000000002,recorded
2021-06-30,5298.000000000002,recorded
2021-07-01,3684.000000000002,recorded
2021-07-02,3346.0000000000014,recorded
2021-07-03,1651.0000000000005,recorded
2021-07-04,1434.0,recorded
2021-07-05,5177.000000000003,recorded
2021-07-06,3044.0000000000014,recorded
2021-07-07,4016.0000000000014,recorded
2021-07-08,3725.000000000001,recorded
2021-07-09,3912.0000000000005,recorded
2021-07-10,1760.0,recorded
2021-07-11,1423.0,recorded
2021-07-12,3711.0000000000023,recorded
2021-07-13,2690.0000000000005,recorded
2021-07-14,4110.0,recorded
2021-07-15,4235.0,recorded
2021-07-16,3031.000000000001,recorded
2021-07-17,1441.9999999999993,recorded
2021-07-18,2676.0,recorded
2021-07-19,3263.0000000000014,recorded
2021-07-20,3246.000000000001,recorded
2021-07-21,2520.0,recorded
2021-07-22,3655.0,recorded
2021-07-23,3319.0000000000023,recorded
2021-07-24,2141.0000000000005,recorded
2021-07-25,2487.0,recorded
2021-07-26,4058.0000000000027,recorded
2021-07-27,3662.0,recorded
2021-07-28,4344.000000000005,recorded
2021-07-29,4693.000000000001,recorded
2021-07-30,3601.0000000000023,recorded
2021-07-31,1838.0000000000005,recorded
2021-08-01,1898.0,recorded
2021-08-02,3866.0000000000023,recorded
2021-08-03,3099.000000000001,recorded
2021-08-04,4256.000000000001,recorded
2021-08-05,4046.0,recorded
2021-08-06,3152.000000000001,recorded
2021-08-07,1700.9999999999993,recorded
2021-08-08,618.0,recorded
2021-08-09,4400.000000000001,recorded
2021-08-10,3313.0,recorded
2021-08-11,3393.0000000000005,recorded
2021-08-12,3800.000000000001,recorded
2021-08-13,2068.0000000000005,recorded
2021-08-14,1250.0,recorded
2021-08-15,868.0,recorded
2021-08-16,3295.000000000001,recorded
2021-08-17,2384.000000000001,recorded
2021-08-18,3267.0000000000005,recorded
2021-08-19,2492.0,recorded
2021-08-20,2671.000000000001,recorded
2021-08-21,1432.9999999999998,recorded
2021-08-22,1259.9999999999998,recorded
2021-08-23,4324.000000000001,recorded
2021-08-24,2196.0000000000005,recorded
2021-08-25,3543.000000000002,recorded
2021-08-26,3901.000000000001,recorded
2021-08-27,2949.0000000000005,recorded
2021-08-28,1787.0000000000005,recorded
2021-08-29,1212.0,recorded
2021-08-30,4129.000000000001,recorded
2021-08-31,2447.000000000001,recorded
2021-09-01,5183.000000000002,recorded
2021-09-02,3719.000000000001,recorded
2021-09-03,3087.000000000002,recorded
2021-09-04,1903.0,recorded
2021-09-05,777.0,recorded
2021-09-06,4936.000000000004,recorded
2021-09-07,3342.0000000000005,recorded
2021-09-08,6106.000000000001,recorded
2021-09-09,4885.000000000003,recorded
2021-09-10,3881.0000000000014,recorded
2021-09-11,2097.0,recorded
2021-09-12,2476.0000000000005,recorded
2021-09-13,2960.0000000000014,recorded
2021-09-14,2840.000000000001,recorded
2021-09-15,2839.0,recorded
2021-09-16,4422.000000000001,recorded
2021-09-17,3586.0000000000023,recorded
2021-09-18,1602.0000000000002,recorded
2021-09-19,2372.0,recorded
2021-09-20,3294.0000000000014,recorded
2021-09-21,3390.000000000002,recorded
2021-09-22,3899.0000000000027,recorded
2021-09-23,3549.000000000002,recorded
2021-09-24,5243.000000000003,recorded
2021-09-25,2211.000000000001,recorded
2021-09-26,1018.0,recorded
2021-09-27,4993.000000000001,recorded
2021-09-28,3304.000000000001,recorded
2021-09-29,3401.0000000000014,recorded
2021-09-30,5111.000000000004,recorded
2021-10-01,4681.000000000003,recorded
2021-10-02,2531.000000000001,recorded
2021-10-03,2219.0000000000005,recorded
2021-10-04,4863.000000000005,recorded
2021-10-05,3287.0000000000023,recorded
2021-10-06,4918.000000000001,recorded
2021-10-07,4843.000000000001,recorded
2021-10-08,2596.0000000000014,recorded
2021-10-09,1920.0,recorded
2021-10-10,2651.0,recorded
2021-10-11,4270.000000000001,recorded
2021-10-12,2528.0000000000005,recorded
2021-10-13,3408.0000000000014,recorded
2021-10-14,3699.000000000001,recorded
2021-10-15,2774.000000000001,recorded
2021-10-16,1929.0000000000007,recorded
2021-10-17,1178.0000000000002,recorded
2021-10-18,4375.000000000002,recorded
2021-10-19,3106.000000000001,recorded
2021-10-20,3333.0000000000014,recorded
2021-10-21,3912.0,recorded
2021-10-22,2876.9999999999995,recorded
2021-10-23,1678.9999999999998,recorded
2021-10-24,1358.0,recorded
2021-10-25,3386.0000000000023,recorded
2021-10-26,2125.0,recorded
2021-10-27,2434.0000000000014,recorded
2021-10-28,1676.0000000000002,recorded
2021-10-29,4087.9999999999995,recorded
2021-10-30,2118.0000000000005,recorded
2021-10-31,1760.0,recorded
2021-11-01,4364.000000000002,recorded
2021-11-02,5309.0,recorded
2021-11-03,3573.0000000000005,recorded
2021-11-04,3495.000000000001,recorded
2021-11-05,2666.000000000001,recorded
2021-11-06,1827.9999999999995,recorded
2021-11-07,850.0000000000001,recorded
2021-11-08,4048.0000000000027,recorded
2021-11-09,2726.0000000000014,recorded
2021-11-10,4095.0000000000023,recorded
2021-11-11,3312.0,recorded
2021-11-12,2711.0000000000014,recorded
2021-11-13,1725.0,recorded
2021-11-14,3322.0,recorded
2021-11-15,3158.0000000000014,recorded
2021-11-16,2633.000000000001,recorded
2021-11-17,2186.0,recorded
2021-11-18,3686.0,recorded
2021-11-19,3044.0000000000005,recorded
2021-11-20,1457.0000000000002,recorded
2021-11-21,1403.0,recorded
2021-11-22,3371.000000000001,recorded
2021-11-23,2087.0,recorded
2021-11-24,1778.9999999999998,recorded
2021-11-25,2789.0000000000005,recorded
2021-11-26,2260.9999999999995,recorded
2021-11-27,1667.0000000000002,recorded
2021-11-28,644.0000000000001,recorded
2021-11-29,4800.000000000002,recorded
2021-11-30,1917.0000000000002,recorded
2021-12-01,3312.0,recorded
2021-12-02,2706.000000000001,recorded
2021-12-03,2837.0000000000005,recorded
2021-12-04,1139.9999999999998,recorded
2021-12-05,511.00000000000006,recorded
2021-12-06,4296.000000000001,recorded
2021-12-07,2056.0,recorded
2021-12-08,2178.0,recorded
2021-12-09,3984.0000000000027,recorded
2021-12-10,2076.000000000001,recorded
2021-12-11,1298.0000000000002,recorded
2021-12-12,1115.0,recorded
2021-12-13,4046.000000000003,recorded
2021-12-14,2290.0,recorded
2021-12-15,3133.000000000001,recorded
2021-12-16,3005.999999999999,recorded
2021-12-17,2368.0,recorded
2021-12-18,1286.0,recorded
2021-12-19,1418.0000000000002,recorded
2021-12-20,3180.0000000000005,recorded
2021-12-21,2506.0,recorded
2021-12-22,3240.000000000001,recorded
2021-12-23,3579.000000000002,recorded
2021-12-24,2098.0000000000005,recorded
2021-12-25,,missing_date
2021-12-26,936.0000000000001,recorded
2021-12-27,4007.0000000000005,recorded
2021-12-28,1572.9999999999995,recorded
2021-12-29,3552.0000000000023,recorded
2021-12-30,2424.9999999999995,recorded
2021-12-31,1544.9999999999998,recorded
