date,product,quantity,status,source_file,source_row
2020-01-01,dairy_product_1,55.000000000000014,recorded,product 1 2020.xlsx,2
2020-01-02,dairy_product_1,2028.0,recorded,product 1 2020.xlsx,3
2020-01-03,dairy_product_1,2848.0000000000014,recorded,product 1 2020.xlsx,4
2020-01-04,dairy_product_1,2153.9999999999995,recorded,product 1 2020.xlsx,5
2020-01-05,dairy_product_1,-9.000000000000002,negative_review,product 1 2020.xlsx,6
2020-01-06,dairy_product_1,416.00000000000006,recorded,product 1 2020.xlsx,7
2020-01-07,dairy_product_1,3904.0000000000027,recorded,product 1 2020.xlsx,8
2020-01-08,dairy_product_1,3942.0,recorded,product 1 2020.xlsx,9
2020-01-09,dairy_product_1,2667.0000000000005,recorded,product 1 2020.xlsx,10
2020-01-10,dairy_product_1,3437.999999999999,recorded,product 1 2020.xlsx,11
2020-01-11,dairy_product_1,1694.0000000000007,recorded,product 1 2020.xlsx,12
2020-01-12,dairy_product_1,2776.000000000001,recorded,product 1 2020.xlsx,13
2020-01-13,dairy_product_1,3815.000000000004,recorded,product 1 2020.xlsx,14
2020-01-14,dairy_product_1,2622.0000000000014,recorded,product 1 2020.xlsx,15
2020-01-15,dairy_product_1,3715.0000000000045,recorded,product 1 2020.xlsx,16
2020-01-16,dairy_product_1,3056.0000000000014,recorded,product 1 2020.xlsx,17
2020-01-17,dairy_product_1,3263.9999999999995,recorded,product 1 2020.xlsx,18
2020-01-18,dairy_product_1,1743.0,recorded,product 1 2020.xlsx,19
2020-01-19,dairy_product_1,1203.0000000000002,recorded,product 1 2020.xlsx,20
2020-01-20,dairy_product_1,3542.0000000000014,recorded,product 1 2020.xlsx,21
2020-01-21,dairy_product_1,3029.0000000000027,recorded,product 1 2020.xlsx,22
2020-01-22,dairy_product_1,5989.0,recorded,product 1 2020.xlsx,23
2020-01-23,dairy_product_1,2819.0000000000005,recorded,product 1 2020.xlsx,24
2020-01-24,dairy_product_1,3592.0000000000014,recorded,product 1 2020.xlsx,25
2020-01-25,dairy_product_1,1871.0000000000007,recorded,product 1 2020.xlsx,26
2020-01-26,dairy_product_1,2285.0,recorded,product 1 2020.xlsx,27
2020-01-27,dairy_product_1,3570.0000000000023,recorded,product 1 2020.xlsx,28
2020-01-28,dairy_product_1,2453.0000000000005,recorded,product 1 2020.xlsx,29
2020-01-29,dairy_product_1,2821.0,recorded,product 1 2020.xlsx,30
2020-01-30,dairy_product_1,4039.0000000000027,recorded,product 1 2020.xlsx,31
2020-01-31,dairy_product_1,3540.0000000000023,recorded,product 1 2020.xlsx,32
2020-02-01,dairy_product_1,1761.0000000000002,recorded,product 1 2020.xlsx,33
2020-02-02,dairy_product_1,2716.0000000000005,recorded,product 1 2020.xlsx,34
2020-02-03,dairy_product_1,4122.000000000005,recorded,product 1 2020.xlsx,35
2020-02-04,dairy_product_1,2695.999999999999,recorded,product 1 2020.xlsx,36
2020-02-05,dairy_product_1,4719.999999999999,recorded,product 1 2020.xlsx,37
2020-02-06,dairy_product_1,3304.000000000002,recorded,product 1 2020.xlsx,38
2020-02-07,dairy_product_1,3577.0000000000014,recorded,product 1 2020.xlsx,39
2020-02-08,dairy_product_1,1861.0,recorded,product 1 2020.xlsx,40
2020-02-09,dairy_product_1,1864.9999999999998,recorded,product 1 2020.xlsx,41
2020-02-10,dairy_product_1,3388.0000000000014,recorded,product 1 2020.xlsx,42
2020-02-11,dairy_product_1,2446.999999999999,recorded,product 1 2020.xlsx,43
2020-02-12,dairy_product_1,3281.0000000000045,recorded,product 1 2020.xlsx,44
2020-02-13,dairy_product_1,2928.0000000000014,recorded,product 1 2020.xlsx,45
2020-02-14,dairy_product_1,3834.0000000000005,recorded,product 1 2020.xlsx,46
2020-02-15,dairy_product_1,1804.0000000000007,recorded,product 1 2020.xlsx,47
2020-02-16,dairy_product_1,998.0,recorded,product 1 2020.xlsx,48
2020-02-17,dairy_product_1,4399.0,recorded,product 1 2020.xlsx,49
2020-02-18,dairy_product_1,2226.000000000001,recorded,product 1 2020.xlsx,50
2020-02-19,dairy_product_1,3927.0000000000023,recorded,product 1 2020.xlsx,51
2020-02-20,dairy_product_1,3185.000000000001,recorded,product 1 2020.xlsx,52
2020-02-21,dairy_product_1,3372.000000000001,recorded,product 1 2020.xlsx,53
2020-02-22,dairy_product_1,1538.0,recorded,product 1 2020.xlsx,54
2020-02-23,dairy_product_1,683.0,recorded,product 1 2020.xlsx,55
2020-02-24,dairy_product_1,3967.0000000000014,recorded,product 1 2020.xlsx,56
2020-02-25,dairy_product_1,2776.0000000000023,recorded,product 1 2020.xlsx,57
2020-02-26,dairy_product_1,4519.0,recorded,product 1 2020.xlsx,58
2020-02-27,dairy_product_1,3998.0000000000005,recorded,product 1 2020.xlsx,59
2020-02-28,dairy_product_1,3747.0000000000036,recorded,product 1 2020.xlsx,60
2020-02-29,dairy_product_1,2044.9999999999993,recorded,product 1 2020.xlsx,61
2020-03-01,dairy_product_1,-1.0000000000000024,negative_review,product 1 2020.xlsx,62
2020-03-02,dairy_product_1,2375.9999999999995,recorded,product 1 2020.xlsx,63
2020-03-03,dairy_product_1,4485.000000000005,recorded,product 1 2020.xlsx,64
2020-03-04,dairy_product_1,2388.0000000000005,recorded,product 1 2020.xlsx,65
2020-03-05,dairy_product_1,3430.999999999999,recorded,product 1 2020.xlsx,66
2020-03-06,dairy_product_1,2983.9999999999995,recorded,product 1 2020.xlsx,67
2020-03-07,dairy_product_1,1570.9999999999993,recorded,product 1 2020.xlsx,68
2020-03-08,dairy_product_1,1013.0,recorded,product 1 2020.xlsx,69
2020-03-09,dairy_product_1,3655.000000000001,recorded,product 1 2020.xlsx,70
2020-03-10,dairy_product_1,3516.0000000000014,recorded,product 1 2020.xlsx,71
2020-03-11,dairy_product_1,3676.0,recorded,product 1 2020.xlsx,72
2020-03-12,dairy_product_1,2858.0000000000005,recorded,product 1 2020.xlsx,73
2020-03-13,dairy_product_1,5205.000000000004,recorded,product 1 2020.xlsx,74
2020-03-14,dairy_product_1,3139.9999999999986,recorded,product 1 2020.xlsx,75
2020-03-15,dairy_product_1,1986.0,recorded,product 1 2020.xlsx,76
2020-03-16,dairy_product_1,4998.000000000001,recorded,product 1 2020.xlsx,77
2020-03-17,dairy_product_1,6619.000000000005,recorded,product 1 2020.xlsx,78
2020-03-18,dairy_product_1,3142.0000000000014,recorded,product 1 2020.xlsx,79
2020-03-19,dairy_product_1,3248.0000000000014,recorded,product 1 2020.xlsx,80
2020-03-20,dairy_product_1,3071.0,recorded,product 1 2020.xlsx,81
2020-03-21,dairy_product_1,2360.9999999999986,recorded,product 1 2020.xlsx,82
2020-03-22,dairy_product_1,3492.9999999999995,recorded,product 1 2020.xlsx,83
2020-03-23,dairy_product_1,5476.000000000002,recorded,product 1 2020.xlsx,84
2020-03-24,dairy_product_1,2289.9999999999995,recorded,product 1 2020.xlsx,85
2020-03-25,dairy_product_1,1126.0,recorded,product 1 2020.xlsx,86
2020-03-26,dairy_product_1,3611.000000000001,recorded,product 1 2020.xlsx,87
2020-03-27,dairy_product_1,3654.000000000001,recorded,product 1 2020.xlsx,88
2020-03-28,dairy_product_1,1974.9999999999977,recorded,product 1 2020.xlsx,89
2020-03-29,dairy_product_1,629.0,recorded,product 1 2020.xlsx,90
2020-03-30,dairy_product_1,3886.000000000001,recorded,product 1 2020.xlsx,91
2020-03-31,dairy_product_1,4839.000000000001,recorded,product 1 2020.xlsx,92
2020-04-01,dairy_product_1,3731.0000000000055,recorded,product 1 2020.xlsx,93
2020-04-02,dairy_product_1,2362.0000000000005,recorded,product 1 2020.xlsx,94
2020-04-03,dairy_product_1,4252.000000000002,recorded,product 1 2020.xlsx,95
2020-04-04,dairy_product_1,1915.9999999999989,recorded,product 1 2020.xlsx,96
2020-04-05,dairy_product_1,2163.0,recorded,product 1 2020.xlsx,97
2020-04-06,dairy_product_1,2777.0000000000005,recorded,product 1 2020.xlsx,98
2020-04-07,dairy_product_1,1903.0000000000005,recorded,product 1 2020.xlsx,99
2020-04-08,dairy_product_1,1976.999999999999,recorded,product 1 2020.xlsx,100
2020-04-09,dairy_product_1,5072.000000000002,recorded,product 1 2020.xlsx,101
2020-04-10,dairy_product_1,2756.0,recorded,product 1 2020.xlsx,102
2020-04-11,dairy_product_1,1636.999999999999,recorded,product 1 2020.xlsx,103
2020-04-12,dairy_product_1,935.0,recorded,product 1 2020.xlsx,104
2020-04-13,dairy_product_1,3655.0000000000023,recorded,product 1 2020.xlsx,105
2020-04-14,dairy_product_1,2398.0,recorded,product 1 2020.xlsx,106
2020-04-15,dairy_product_1,1922.0000000000005,recorded,product 1 2020.xlsx,107
2020-04-16,dairy_product_1,2853.0000000000005,recorded,product 1 2020.xlsx,108
2020-04-17,dairy_product_1,3480.0,recorded,product 1 2020.xlsx,109
2020-04-18,dairy_product_1,1563.0000000000002,recorded,product 1 2020.xlsx,110
2020-04-19,dairy_product_1,,missing_date,,
2020-04-20,dairy_product_1,716.0000000000001,recorded,product 1 2020.xlsx,111
2020-04-21,dairy_product_1,2276.000000000001,recorded,product 1 2020.xlsx,112
2020-04-22,dairy_product_1,3224.9999999999995,recorded,product 1 2020.xlsx,113
2020-04-23,dairy_product_1,2545.0,recorded,product 1 2020.xlsx,114
2020-04-24,dairy_product_1,2710.0000000000014,recorded,product 1 2020.xlsx,115
2020-04-25,dairy_product_1,1727.9999999999995,recorded,product 1 2020.xlsx,116
2020-04-26,dairy_product_1,644.0,recorded,product 1 2020.xlsx,117
2020-04-27,dairy_product_1,3652.0000000000023,recorded,product 1 2020.xlsx,118
2020-04-28,dairy_product_1,3214.0000000000036,recorded,product 1 2020.xlsx,119
2020-04-29,dairy_product_1,5162.000000000002,recorded,product 1 2020.xlsx,120
2020-04-30,dairy_product_1,2064.0,recorded,product 1 2020.xlsx,121
2020-05-01,dairy_product_1,1314.0,recorded,product 1 2020.xlsx,122
2020-05-02,dairy_product_1,2612.9999999999995,recorded,product 1 2020.xlsx,123
2020-05-03,dairy_product_1,1458.0,recorded,product 1 2020.xlsx,124
2020-05-04,dairy_product_1,3717.0000000000023,recorded,product 1 2020.xlsx,125
2020-05-05,dairy_product_1,3953.0000000000005,recorded,product 1 2020.xlsx,126
2020-05-06,dairy_product_1,5374.999999999999,recorded,product 1 2020.xlsx,127
2020-05-07,dairy_product_1,5252.999999999999,recorded,product 1 2020.xlsx,128
2020-05-08,dairy_product_1,4535.000000000004,recorded,product 1 2020.xlsx,129
2020-05-09,dairy_product_1,2327.0,recorded,product 1 2020.xlsx,130
2020-05-10,dairy_product_1,3058.0000000000005,recorded,product 1 2020.xlsx,131
2020-05-11,dairy_product_1,4566.000000000001,recorded,product 1 2020.xlsx,132
2020-05-12,dairy_product_1,3342.0000000000023,recorded,product 1 2020.xlsx,133
2020-05-13,dairy_product_1,5099.999999999999,recorded,product 1 2020.xlsx,134
2020-05-14,dairy_product_1,5670.0,recorded,product 1 2020.xlsx,135
2020-05-15,dairy_product_1,3803.000000000005,recorded,product 1 2020.xlsx,136
2020-05-16,dairy_product_1,2307.0000000000005,recorded,product 1 2020.xlsx,137
2020-05-17,dairy_product_1,493.0000000000001,recorded,product 1 2020.xlsx,138
2020-05-18,dairy_product_1,5244.999999999999,recorded,product 1 2020.xlsx,139
2020-05-19,dairy_product_1,5057.000000000002,recorded,product 1 2020.xlsx,140
2020-05-20,dairy_product_1,4734.999999999999,recorded,product 1 2020.xlsx,141
2020-05-21,dairy_product_1,5942.000000000005,recorded,product 1 2020.xlsx,142
2020-05-22,dairy_product_1,4604.999999999999,recorded,product 1 2020.xlsx,143
2020-05-23,dairy_product_1,2604.0000000000005,recorded,product 1 2020.xlsx,144
2020-05-24,dairy_product_1,1583.0,recorded,product 1 2020.xlsx,145
2020-05-25,dairy_product_1,4933.000000000001,recorded,product 1 2020.xlsx,146
2020-05-26,dairy_product_1,3715.0,recorded,product 1 2020.xlsx,147
2020-05-27,dairy_product_1,5712.0,recorded,product 1 2020.xlsx,148
2020-05-28,dairy_product_1,3321.000000000001,recorded,product 1 2020.xlsx,149
2020-05-29,dairy_product_1,3784.0000000000027,recorded,product 1 2020.xlsx,150
2020-05-30,dairy_product_1,2072.9999999999995,recorded,product 1 2020.xlsx,151
2020-05-31,dairy_product_1,2219.0000000000005,recorded,product 1 2020.xlsx,152
2020-06-01,dairy_product_1,5580.000000000004,recorded,product 1 2020.xlsx,153
2020-06-02,dairy_product_1,2654.9999999999995,recorded,product 1 2020.xlsx,154
2020-06-03,dairy_product_1,4318.000000000001,recorded,product 1 2020.xlsx,155
2020-06-04,dairy_product_1,3060.9999999999986,recorded,product 1 2020.xlsx,156
2020-06-05,dairy_product_1,3609.0000000000005,recorded,product 1 2020.xlsx,157
2020-06-06,dairy_product_1,1936.9999999999986,recorded,product 1 2020.xlsx,158
2020-06-07,dairy_product_1,1455.0,recorded,product 1 2020.xlsx,159
2020-06-08,dairy_product_1,2522.0,recorded,product 1 2020.xlsx,160
2020-06-09,dairy_product_1,4017.0000000000023,recorded,product 1 2020.xlsx,161
2020-06-10,dairy_product_1,3573.9999999999995,recorded,product 1 2020.xlsx,162
2020-06-11,dairy_product_1,4876.000000000003,recorded,product 1 2020.xlsx,163
2020-06-12,dairy_product_1,2809.0000000000005,recorded,product 1 2020.xlsx,164
2020-06-13,dairy_product_1,1890.999999999999,recorded,product 1 2020.xlsx,165
2020-06-14,dairy_product_1,2018.0,recorded,product 1 2020.xlsx,166
2020-06-15,dairy_product_1,3302.0000000000023,recorded,product 1 2020.xlsx,167
2020-06-16,dairy_product_1,2201.999999999999,recorded,product 1 2020.xlsx,168
2020-06-17,dairy_product_1,3251.000000000001,recorded,product 1 2020.xlsx,169
2020-06-18,dairy_product_1,5865.000000000004,recorded,product 1 2020.xlsx,170
2020-06-19,dairy_product_1,3287.0000000000014,recorded,product 1 2020.xlsx,171
2020-06-20,dairy_product_1,1918.0,recorded,product 1 2020.xlsx,172
2020-06-21,dairy_product_1,2474.0,recorded,product 1 2020.xlsx,173
2020-06-22,dairy_product_1,3812.999999999999,recorded,product 1 2020.xlsx,174
2020-06-23,dairy_product_1,2406.000000000001,recorded,product 1 2020.xlsx,175
2020-06-24,dairy_product_1,4472.000000000001,recorded,product 1 2020.xlsx,176
2020-06-25,dairy_product_1,4292.000000000002,recorded,product 1 2020.xlsx,177
2020-06-26,dairy_product_1,3240.000000000002,recorded,product 1 2020.xlsx,178
2020-06-27,dairy_product_1,1765.0000000000005,recorded,product 1 2020.xlsx,179
2020-06-28,dairy_product_1,2357.0,recorded,product 1 2020.xlsx,180
2020-06-29,dairy_product_1,3151.0000000000005,recorded,product 1 2020.xlsx,181
2020-06-30,dairy_product_1,3228.0000000000014,recorded,product 1 2020.xlsx,182
2020-07-01,dairy_product_1,3465.000000000002,recorded,product 1 2020.xlsx,183
2020-07-02,dairy_product_1,5039.0,recorded,product 1 2020.xlsx,184
2020-07-03,dairy_product_1,3942.0000000000014,recorded,product 1 2020.xlsx,185
2020-07-04,dairy_product_1,2397.0000000000014,recorded,product 1 2020.xlsx,186
2020-07-05,dairy_product_1,513.0,recorded,product 1 2020.xlsx,187
2020-07-06,dairy_product_1,5987.000000000005,recorded,product 1 2020.xlsx,188
2020-07-07,dairy_product_1,3358.0000000000005,recorded,product 1 2020.xlsx,189
2020-07-08,dairy_product_1,4247.000000000002,recorded,product 1 2020.xlsx,190
2020-07-09,dairy_product_1,2755.0000000000014,recorded,product 1 2020.xlsx,191
2020-07-10,dairy_product_1,3553.0500000000015,recorded,product 1 2020.xlsx,192
2020-07-11,dairy_product_1,1778.0,recorded,product 1 2020.xlsx,193
2020-07-12,dairy_product_1,1188.0000000000002,recorded,product 1 2020.xlsx,194
2020-07-13,dairy_product_1,4693.000000000001,recorded,product 1 2020.xlsx,195
2020-07-14,dairy_product_1,3217.0,recorded,product 1 2020.xlsx,196
2020-07-15,dairy_product_1,2638.0000000000014,recorded,product 1 2020.xlsx,197
2020-07-16,dairy_product_1,5863.000000000004,recorded,product 1 2020.xlsx,198
2020-07-17,dairy_product_1,3075.000000000001,recorded,product 1 2020.xlsx,199
2020-07-18,dairy_product_1,1450.999999999999,recorded,product 1 2020.xlsx,200
2020-07-19,dairy_product_1,2087.0,recorded,product 1 2020.xlsx,201
2020-07-20,dairy_product_1,3044.0000000000014,recorded,product 1 2020.xlsx,202
2020-07-21,dairy_product_1,2849.000000000001,recorded,product 1 2020.xlsx,203
2020-07-22,dairy_product_1,2100.9999999999986,recorded,product 1 2020.xlsx,204
2020-07-23,dairy_product_1,4628.000000000004,recorded,product 1 2020.xlsx,205
2020-07-24,dairy_product_1,3068.000000000002,recorded,product 1 2020.xlsx,206
2020-07-25,dairy_product_1,1428.9999999999995,recorded,product 1 2020.xlsx,207
2020-07-26,dairy_product_1,890.0,recorded,product 1 2020.xlsx,208
2020-07-27,dairy_product_1,3954.000000000003,recorded,product 1 2020.xlsx,209
2020-07-28,dairy_product_1,3214.0000000000027,recorded,product 1 2020.xlsx,210
2020-07-29,dairy_product_1,3071.0,recorded,product 1 2020.xlsx,211
2020-07-30,dairy_product_1,3009.000000000002,recorded,product 1 2020.xlsx,212
2020-07-31,dairy_product_1,2433.9999999999995,recorded,product 1 2020.xlsx,213
2020-08-01,dairy_product_1,1459.9999999999993,recorded,product 1 2020.xlsx,214
2020-08-02,dairy_product_1,1843.0,recorded,product 1 2020.xlsx,215
2020-08-03,dairy_product_1,4710.000000000002,recorded,product 1 2020.xlsx,216
2020-08-04,dairy_product_1,2171.000000000001,recorded,product 1 2020.xlsx,217
2020-08-05,dairy_product_1,2770.9999999999995,recorded,product 1 2020.xlsx,218
2020-08-06,dairy_product_1,3611.000000000001,recorded,product 1 2020.xlsx,219
2020-08-07,dairy_product_1,3581.0000000000014,recorded,product 1 2020.xlsx,220
2020-08-08,dairy_product_1,1224.9999999999993,recorded,product 1 2020.xlsx,221
2020-08-09,dairy_product_1,1866.0,recorded,product 1 2020.xlsx,222
2020-08-10,dairy_product_1,3457.0,recorded,product 1 2020.xlsx,223
2020-08-11,dairy_product_1,2394.9999999999995,recorded,product 1 2020.xlsx,224
2020-08-12,dairy_product_1,2354.0000000000014,recorded,product 1 2020.xlsx,225
2020-08-13,dairy_product_1,5061.000000000001,recorded,product 1 2020.xlsx,226
2020-08-14,dairy_product_1,1799.0000000000002,recorded,product 1 2020.xlsx,227
2020-08-15,dairy_product_1,109.00000000000001,recorded,product 1 2020.xlsx,228
2020-08-16,dairy_product_1,1264.0,recorded,product 1 2020.xlsx,229
2020-08-17,dairy_product_1,3464.0000000000027,recorded,product 1 2020.xlsx,230
2020-08-18,dairy_product_1,2295.0,recorded,product 1 2020.xlsx,231
2020-08-19,dairy_product_1,2765.0,recorded,product 1 2020.xlsx,232
2020-08-20,dairy_product_1,4912.000000000002,recorded,product 1 2020.xlsx,233
2020-08-21,dairy_product_1,2381.0,recorded,product 1 2020.xlsx,234
2020-08-22,dairy_product_1,1503.9999999999995,recorded,product 1 2020.xlsx,235
2020-08-23,dairy_product_1,1149.0000000000002,recorded,product 1 2020.xlsx,236
2020-08-24,dairy_product_1,3210.0000000000023,recorded,product 1 2020.xlsx,237
2020-08-25,dairy_product_1,2663.0000000000014,recorded,product 1 2020.xlsx,238
2020-08-26,dairy_product_1,3982.9999999999995,recorded,product 1 2020.xlsx,239
2020-08-27,dairy_product_1,3318.0000000000027,recorded,product 1 2020.xlsx,240
2020-08-28,dairy_product_1,3482.0000000000014,recorded,product 1 2020.xlsx,241
2020-08-29,dairy_product_1,1566.0,recorded,product 1 2020.xlsx,242
2020-08-30,dairy_product_1,1337.9999999999998,recorded,product 1 2020.xlsx,243
2020-08-31,dairy_product_1,3850.000000000004,recorded,product 1 2020.xlsx,244
2020-09-01,dairy_product_1,2795.0000000000005,recorded,product 1 2020.xlsx,245
2020-09-02,dairy_product_1,5046.000000000001,recorded,product 1 2020.xlsx,246
2020-09-03,dairy_product_1,3990.000000000002,recorded,product 1 2020.xlsx,247
2020-09-04,dairy_product_1,3292.999999999999,recorded,product 1 2020.xlsx,248
2020-09-05,dairy_product_1,1615.0000000000011,recorded,product 1 2020.xlsx,249
2020-09-06,dairy_product_1,1995.0,recorded,product 1 2020.xlsx,250
2020-09-07,dairy_product_1,3578.0000000000005,recorded,product 1 2020.xlsx,251
2020-09-08,dairy_product_1,2637.0,recorded,product 1 2020.xlsx,252
2020-09-09,dairy_product_1,5721.000000000001,recorded,product 1 2020.xlsx,253
2020-09-10,dairy_product_1,3444.000000000001,recorded,product 1 2020.xlsx,254
2020-09-11,dairy_product_1,2923.000000000001,recorded,product 1 2020.xlsx,255
2020-09-12,dairy_product_1,1668.999999999999,recorded,product 1 2020.xlsx,256
2020-09-13,dairy_product_1,2654.0000000000005,recorded,product 1 2020.xlsx,257
2020-09-14,dairy_product_1,4688.000000000004,recorded,product 1 2020.xlsx,258
2020-09-15,dairy_product_1,4908.000000000002,recorded,product 1 2020.xlsx,259
2020-09-16,dairy_product_1,3645.0,recorded,product 1 2020.xlsx,260
2020-09-17,dairy_product_1,3055.0000000000027,recorded,product 1 2020.xlsx,261
2020-09-18,dairy_product_1,3881.000000000003,recorded,product 1 2020.xlsx,262
2020-09-19,dairy_product_1,1913.0000000000011,recorded,product 1 2020.xlsx,263
2020-09-20,dairy_product_1,1130.0,recorded,product 1 2020.xlsx,264
2020-09-21,dairy_product_1,4960.000000000002,recorded,product 1 2020.xlsx,265
2020-09-22,dairy_product_1,2617.000000000001,recorded,product 1 2020.xlsx,266
2020-09-23,dairy_product_1,4094.0000000000005,recorded,product 1 2020.xlsx,267
2020-09-24,dairy_product_1,3637.0000000000023,recorded,product 1 2020.xlsx,268
2020-09-25,dairy_product_1,3427.999999999999,recorded,product 1 2020.xlsx,269
2020-09-26,dairy_product_1,1603.0000000000005,recorded,product 1 2020.xlsx,270
2020-09-27,dairy_product_1,1440.0,recorded,product 1 2020.xlsx,271
2020-09-28,dairy_product_1,4087.0000000000014,recorded,product 1 2020.xlsx,272
2020-09-29,dairy_product_1,2422.0000000000005,recorded,product 1 2020.xlsx,273
2020-09-30,dairy_product_1,5544.000000000001,recorded,product 1 2020.xlsx,274
2020-10-01,dairy_product_1,4007.999999999999,recorded,product 1 2020.xlsx,275
2020-10-02,dairy_product_1,3759.9999999999995,recorded,product 1 2020.xlsx,276
2020-10-03,dairy_product_1,1871.9999999999975,recorded,product 1 2020.xlsx,277
2020-10-04,dairy_product_1,3351.0,recorded,product 1 2020.xlsx,278
2020-10-05,dairy_product_1,4195.999999999999,recorded,product 1 2020.xlsx,279
2020-10-06,dairy_product_1,3031.0000000000005,recorded,product 1 2020.xlsx,280
2020-10-07,dairy_product_1,3618.0000000000005,recorded,product 1 2020.xlsx,281
2020-10-08,dairy_product_1,4527.000000000001,recorded,product 1 2020.xlsx,282
2020-10-09,dairy_product_1,2956.0000000000014,recorded,product 1 2020.xlsx,283
2020-10-10,dairy_product_1,1532.999999999999,recorded,product 1 2020.xlsx,284
2020-10-11,dairy_product_1,1781.9999999999998,recorded,product 1 2020.xlsx,285
2020-10-12,dairy_product_1,4275.0,recorded,product 1 2020.xlsx,286
2020-10-13,dairy_product_1,3088.9999999999995,recorded,product 1 2020.xlsx,287
2020-10-14,dairy_product_1,3895.000000000001,recorded,product 1 2020.xlsx,288
2020-10-15,dairy_product_1,4419.0,recorded,product 1 2020.xlsx,289
2020-10-16,dairy_product_1,3700.9999999999977,recorded,product 1 2020.xlsx,290
2020-10-17,dairy_product_1,1672.0000000000002,recorded,product 1 2020.xlsx,291
2020-10-18,dairy_product_1,1763.0,recorded,product 1 2020.xlsx,292
2020-10-19,dairy_product_1,3490.9999999999986,recorded,product 1 2020.xlsx,293
2020-10-20,dairy_product_1,2595.0,recorded,product 1 2020.xlsx,294
2020-10-21,dairy_product_1,2785.999999999999,recorded,product 1 2020.xlsx,295
2020-10-22,dairy_product_1,3832.0,recorded,product 1 2020.xlsx,296
2020-10-23,dairy_product_1,3208.9999999999995,recorded,product 1 2020.xlsx,297
2020-10-24,dairy_product_1,1782.9999999999984,recorded,product 1 2020.xlsx,298
2020-10-25,dairy_product_1,1152.0000000000002,recorded,product 1 2020.xlsx,299
2020-10-26,dairy_product_1,3956.0000000000023,recorded,product 1 2020.xlsx,300
2020-10-27,dairy_product_1,2195.0000000000005,recorded,product 1 2020.xlsx,301
2020-10-28,dairy_product_1,881.0000000000001,recorded,product 1 2020.xlsx,302
2020-10-29,dairy_product_1,4589.999999999998,recorded,product 1 2020.xlsx,303
2020-10-30,dairy_product_1,3820.000000000001,recorded,product 1 2020.xlsx,304
2020-10-31,dairy_product_1,2417.9999999999977,recorded,product 1 2020.xlsx,305
2020-11-01,dairy_product_1,2652.9999999999995,recorded,product 1 2020.xlsx,306
2020-11-02,dairy_product_1,5781.000000000001,recorded,product 1 2020.xlsx,307
2020-11-03,dairy_product_1,3628.0000000000005,recorded,product 1 2020.xlsx,308
2020-11-04,dairy_product_1,3817.9999999999973,recorded,product 1 2020.xlsx,309
2020-11-05,dairy_product_1,5148.000000000001,recorded,product 1 2020.xlsx,310
2020-11-06,dairy_product_1,4400.000000000002,recorded,product 1 2020.xlsx,311
2020-11-07,dairy_product_1,2639.9999999999995,recorded,product 1 2020.xlsx,312
2020-11-08,dairy_product_1,1685.0,recorded,product 1 2020.xlsx,313
2020-11-09,dairy_product_1,5128.000000000002,recorded,product 1 2020.xlsx,314
2020-11-10,dairy_product_1,2481.999999999999,recorded,product 1 2020.xlsx,315
2020-11-11,dairy_product_1,4488.000000000004,recorded,product 1 2020.xlsx,316
2020-11-12,dairy_product_1,3276.0,recorded,product 1 2020.xlsx,317
2020-11-13,dairy_product_1,4085.9999999999986,recorded,product 1 2020.xlsx,318
2020-11-14,dairy_product_1,1784.9999999999986,recorded,product 1 2020.xlsx,319
2020-11-15,dairy_product_1,1196.0,recorded,product 1 2020.xlsx,320
2020-11-16,dairy_product_1,5072.0,recorded,product 1 2020.xlsx,321
2020-11-17,dairy_product_1,2609.999999999999,recorded,product 1 2020.xlsx,322
2020-11-18,dairy_product_1,3747.0000000000023,recorded,product 1 2020.xlsx,323
2020-11-19,dairy_product_1,3208.9999999999995,recorded,product 1 2020.xlsx,324
2020-11-20,dairy_product_1,2313.000000000001,recorded,product 1 2020.xlsx,325
2020-11-21,dairy_product_1,1540.999999999999,recorded,product 1 2020.xlsx,326
2020-11-22,dairy_product_1,2042.0000000000002,recorded,product 1 2020.xlsx,327
2020-11-23,dairy_product_1,4014.000000000001,recorded,product 1 2020.xlsx,328
2020-11-24,dairy_product_1,1939.9999999999993,recorded,product 1 2020.xlsx,329
2020-11-25,dairy_product_1,2549.9999999999986,recorded,product 1 2020.xlsx,330
2020-11-26,dairy_product_1,3783.999999999998,recorded,product 1 2020.xlsx,331
2020-11-27,dairy_product_1,2718.9999999999995,recorded,product 1 2020.xlsx,332
2020-11-28,dairy_product_1,1659.9999999999998,recorded,product 1 2020.xlsx,333
2020-11-29,dairy_product_1,973.0,recorded,product 1 2020.xlsx,334
2020-11-30,dairy_product_1,4759.0,recorded,product 1 2020.xlsx,335
2020-12-01,dairy_product_1,2334.9999999999995,recorded,product 1 2020.xlsx,336
2020-12-02,dairy_product_1,2868.9999999999977,recorded,product 1 2020.xlsx,337
2020-12-03,dairy_product_1,3963.000000000004,recorded,product 1 2020.xlsx,338
2020-12-04,dairy_product_1,3164.0000000000005,recorded,product 1 2020.xlsx,339
2020-12-05,dairy_product_1,1586.0,recorded,product 1 2020.xlsx,340
2020-12-06,dairy_product_1,715.0,recorded,product 1 2020.xlsx,341
2020-12-07,dairy_product_1,3028.0000000000005,recorded,product 1 2020.xlsx,342
2020-12-08,dairy_product_1,3049.9999999999995,recorded,product 1 2020.xlsx,343
2020-12-09,dairy_product_1,3478.0000000000005,recorded,product 1 2020.xlsx,344
2020-12-10,dairy_product_1,4310.999999999999,recorded,product 1 2020.xlsx,345
2020-12-11,dairy_product_1,2475.999999999999,recorded,product 1 2020.xlsx,346
2020-12-12,dairy_product_1,1526.0,recorded,product 1 2020.xlsx,347
2020-12-13,dairy_product_1,438.00000000000006,recorded,product 1 2020.xlsx,348
2020-12-14,dairy_product_1,3133.9999999999995,recorded,product 1 2020.xlsx,349
2020-12-15,dairy_product_1,2603.9999999999995,recorded,product 1 2020.xlsx,350
2020-12-16,dairy_product_1,2613.999999999999,recorded,product 1 2020.xlsx,351
2020-12-17,dairy_product_1,3009.9999999999986,recorded,product 1 2020.xlsx,352
2020-12-18,dairy_product_1,2971.999999999999,recorded,product 1 2020.xlsx,353
2020-12-19,dairy_product_1,1446.9999999999984,recorded,product 1 2020.xlsx,354
2020-12-20,dairy_product_1,1399.0,recorded,product 1 2020.xlsx,355
2020-12-21,dairy_product_1,3495.9999999999986,recorded,product 1 2020.xlsx,356
2020-12-22,dairy_product_1,2417.9999999999995,recorded,product 1 2020.xlsx,357
2020-12-23,dairy_product_1,4824.000000000002,recorded,product 1 2020.xlsx,358
2020-12-24,dairy_product_1,2991.999999999999,recorded,product 1 2020.xlsx,359
2020-12-25,dairy_product_1,,missing_date,,
2020-12-26,dairy_product_1,,missing_date,,
2020-12-27,dairy_product_1,1517.0,recorded,product 1 2020.xlsx,360
2020-12-28,dairy_product_1,4378.999999999998,recorded,product 1 2020.xlsx,361
2020-12-29,dairy_product_1,2709.0000000000005,recorded,product 1 2020.xlsx,362
2020-12-30,dairy_product_1,3123.9999999999995,recorded,product 1 2020.xlsx,363
2020-12-31,dairy_product_1,1489.9999999999989,recorded,product 1 2020.xlsx,364
2021-01-01,dairy_product_1,-39.0,negative_review,product 1 2021.xlsx,2
2021-01-02,dairy_product_1,0.0,recorded,product 1 2021.xlsx,3
2021-01-03,dairy_product_1,2508.0000000000005,recorded,product 1 2021.xlsx,4
2021-01-04,dairy_product_1,3697.0,recorded,product 1 2021.xlsx,5
2021-01-05,dairy_product_1,1706.0000000000011,recorded,product 1 2021.xlsx,6
2021-01-06,dairy_product_1,413.0,recorded,product 1 2021.xlsx,7
2021-01-07,dairy_product_1,4566.000000000003,recorded,product 1 2021.xlsx,8
2021-01-08,dairy_product_1,3270.0000000000023,recorded,product 1 2021.xlsx,9
2021-01-09,dairy_product_1,2026.0000000000007,recorded,product 1 2021.xlsx,10
2021-01-10,dairy_product_1,1857.9999999999995,recorded,product 1 2021.xlsx,11
2021-01-11,dairy_product_1,4903.000000000004,recorded,product 1 2021.xlsx,12
2021-01-12,dairy_product_1,2749.000000000002,recorded,product 1 2021.xlsx,13
2021-01-13,dairy_product_1,3222.0000000000014,recorded,product 1 2021.xlsx,14
2021-01-14,dairy_product_1,5340.000000000005,recorded,product 1 2021.xlsx,15
2021-01-15,dairy_product_1,3898.000000000002,recorded,product 1 2021.xlsx,16
2021-01-16,dairy_product_1,2077.000000000001,recorded,product 1 2021.xlsx,17
2021-01-17,dairy_product_1,2631.0000000000005,recorded,product 1 2021.xlsx,18
2021-01-18,dairy_product_1,4514.000000000003,recorded,product 1 2021.xlsx,19
2021-01-19,dairy_product_1,2792.0000000000014,recorded,product 1 2021.xlsx,20
2021-01-20,dairy_product_1,5205.000000000001,recorded,product 1 2021.xlsx,21
2021-01-21,dairy_product_1,3193.9999999999995,recorded,product 1 2021.xlsx,22
2021-01-22,dairy_product_1,3649.000000000001,recorded,product 1 2021.xlsx,23
2021-01-23,dairy_product_1,1636.0000000000002,recorded,product 1 2021.xlsx,24
2021-01-24,dairy_product_1,2944.0000000000005,recorded,product 1 2021.xlsx,25
2021-01-25,dairy_product_1,3935.0000000000023,recorded,product 1 2021.xlsx,26
2021-01-26,dairy_product_1,2143.000000000001,recorded,product 1 2021.xlsx,27
2021-01-27,dairy_product_1,2976.0000000000014,recorded,product 1 2021.xlsx,28
2021-01-28,dairy_product_1,4376.000000000001,recorded,product 1 2021.xlsx,29
2021-01-29,dairy_product_1,3167.0000000000023,recorded,product 1 2021.xlsx,30
2021-01-30,dairy_product_1,1808.0000000000005,recorded,product 1 2021.xlsx,31
2021-01-31,dairy_product_1,1144.9999999999998,recorded,product 1 2021.xlsx,32
2021-02-01,dairy_product_1,5063.000000000004,recorded,product 1 2021.xlsx,33
2021-02-02,dairy_product_1,2785.000000000002,recorded,product 1 2021.xlsx,34
2021-02-03,dairy_product_1,2938.0000000000014,recorded,product 1 2021.xlsx,35
2021-02-04,dairy_product_1,3705.0,recorded,product 1 2021.xlsx,36
2021-02-05,dairy_product_1,3328.0000000000014,recorded,product 1 2021.xlsx,37
2021-02-06,dairy_product_1,1722.9999999999995,recorded,product 1 2021.xlsx,38
2021-02-07,dairy_product_1,3696.0,recorded,product 1 2021.xlsx,39
2021-02-08,dairy_product_1,3845.000000000003,recorded,product 1 2021.xlsx,40
2021-02-09,dairy_product_1,2124.0000000000005,recorded,product 1 2021.xlsx,41
2021-02-10,dairy_product_1,5273.000000000001,recorded,product 1 2021.xlsx,42
2021-02-11,dairy_product_1,3876.999999999999,recorded,product 1 2021.xlsx,43
2021-02-12,dairy_product_1,3204.000000000002,recorded,product 1 2021.xlsx,44
2021-02-13,dairy_product_1,2919.0000000000023,recorded,product 1 2021.xlsx,45
2021-02-14,dairy_product_1,2200.0,recorded,product 1 2021.xlsx,46
2021-02-15,dairy_product_1,3678.0000000000036,recorded,product 1 2021.xlsx,47
2021-02-16,dairy_product_1,1810.0,recorded,product 1 2021.xlsx,48
2021-02-17,dairy_product_1,2201.000000000001,recorded,product 1 2021.xlsx,49
2021-02-18,dairy_product_1,3029.0000000000005,recorded,product 1 2021.xlsx,50
2021-02-19,dairy_product_1,3835.000000000002,recorded,product 1 2021.xlsx,51
2021-02-20,dairy_product_1,1776.0000000000007,recorded,product 1 2021.xlsx,52
2021-02-21,dairy_product_1,926.0000000000001,recorded,product 1 2021.xlsx,53
2021-02-22,dairy_product_1,5082.000000000004,recorded,product 1 2021.xlsx,54
2021-02-23,dairy_product_1,2254.0000000000005,recorded,product 1 2021.xlsx,55
2021-02-24,dairy_product_1,2668.000000000002,recorded,product 1 2021.xlsx,56
2021-02-25,dairy_product_1,4652.000000000002,recorded,product 1 2021.xlsx,57
2021-02-26,dairy_product_1,2648.000000000002,recorded,product 1 2021.xlsx,58
2021-02-27,dairy_product_1,1799.9999999999998,recorded,product 1 2021.xlsx,59
2021-02-28,dairy_product_1,1814.9999999999998,recorded,product 1 2021.xlsx,60
2021-03-01,dairy_product_1,4602.000000000003,recorded,product 1 2021.xlsx,61
2021-03-02,dairy_product_1,2734.000000000001,recorded,product 1 2021.xlsx,62
2021-03-03,dairy_product_1,2658.0000000000014,recorded,product 1 2021.xlsx,63
2021-03-04,dairy_product_1,3869.000000000001,recorded,product 1 2021.xlsx,64
2021-03-05,dairy_product_1,2866.000000000001,recorded,product 1 2021.xlsx,65
2021-03-06,dairy_product_1,1478.0,recorded,product 1 2021.xlsx,66
2021-03-07,dairy_product_1,1538.0000000000002,recorded,product 1 2021.xlsx,67
2021-03-08,dairy_product_1,3640.000000000002,recorded,product 1 2021.xlsx,68
2021-03-09,dairy_product_1,2749.000000000001,recorded,product 1 2021.xlsx,69
2021-03-10,dairy_product_1,3244.000000000001,recorded,product 1 2021.xlsx,70
2021-03-11,dairy_product_1,2592.000000000001,recorded,product 1 2021.xlsx,71
2021-03-12,dairy_product_1,4199.000000000004,recorded,product 1 2021.xlsx,72
2021-03-13,dairy_product_1,1689.0000000000007,recorded,product 1 2021.xlsx,73
2021-03-14,dairy_product_1,0.0,recorded,product 1 2021.xlsx,74
2021-03-15,dairy_product_1,552.0000000000001,recorded,product 1 2021.xlsx,75
2021-03-16,dairy_product_1,3721.000000000001,recorded,product 1 2021.xlsx,76
2021-03-17,dairy_product_1,3428.0000000000005,recorded,product 1 2021.xlsx,77
2021-03-18,dairy_product_1,3861.0000000000014,recorded,product 1 2021.xlsx,78
2021-03-19,dairy_product_1,3058.0000000000023,recorded,product 1 2021.xlsx,79
2021-03-20,dairy_product_1,1484.9999999999998,recorded,product 1 2021.xlsx,80
2021-03-21,dairy_product_1,761.9999999999999,recorded,product 1 2021.xlsx,81
2021-03-22,dairy_product_1,3735.000000000001,recorded,product 1 2021.xlsx,82
2021-03-23,dairy_product_1,3317.0,recorded,product 1 2021.xlsx,83
2021-03-24,dairy_product_1,2134.000000000001,recorded,product 1 2021.xlsx,84
2021-03-25,dairy_product_1,1073.0000000000002,recorded,product 1 2021.xlsx,85
2021-03-26,dairy_product_1,3262.0000000000005,recorded,product 1 2021.xlsx,86
2021-03-27,dairy_product_1,1766.0000000000002,recorded,product 1 2021.xlsx,87
2021-03-28,dairy_product_1,1690.9999999999998,recorded,product 1 2021.xlsx,88
2021-03-29,dairy_product_1,5391.000000000003,recorded,product 1 2021.xlsx,89
2021-03-30,dairy_product_1,2765.000000000001,recorded,product 1 2021.xlsx,90
2021-03-31,dairy_product_1,2428.0000000000014,recorded,product 1 2021.xlsx,91
2021-04-01,dairy_product_1,5312.000000000002,recorded,product 1 2021.xlsx,92
2021-04-02,dairy_product_1,2843.000000000002,recorded,product 1 2021.xlsx,93
2021-04-03,dairy_product_1,1650.0000000000005,recorded,product 1 2021.xlsx,94
2021-04-04,dairy_product_1,1388.0,recorded,product 1 2021.xlsx,95
2021-04-05,dairy_product_1,4049.0000000000027,recorded,product 1 2021.xlsx,96
2021-04-06,dairy_product_1,2580.0000000000005,recorded,product 1 2021.xlsx,97
2021-04-07,dairy_product_1,3779.000000000002,recorded,product 1 2021.xlsx,98
2021-04-08,dairy_product_1,3534.000000000001,recorded,product 1 2021.xlsx,99
2021-04-09,dairy_product_1,2749.000000000001,recorded,product 1 2021.xlsx,100
2021-04-10,dairy_product_1,1448.0,recorded,product 1 2021.xlsx,101
2021-04-11,dairy_product_1,2371.0,recorded,product 1 2021.xlsx,102
2021-04-12,dairy_product_1,3862.0000000000014,recorded,product 1 2021.xlsx,103
2021-04-13,dairy_product_1,2398.0000000000005,recorded,product 1 2021.xlsx,104
2021-04-14,dairy_product_1,3868.0000000000014,recorded,product 1 2021.xlsx,105
2021-04-15,dairy_product_1,4090.9999999999986,recorded,product 1 2021.xlsx,106
2021-04-16,dairy_product_1,2738.0000000000014,recorded,product 1 2021.xlsx,107
2021-04-17,dairy_product_1,1586.0,recorded,product 1 2021.xlsx,108
2021-04-18,dairy_product_1,491.00000000000006,recorded,product 1 2021.xlsx,109
2021-04-19,dairy_product_1,3934.000000000002,recorded,product 1 2021.xlsx,110
2021-04-20,dairy_product_1,3308.000000000001,recorded,product 1 2021.xlsx,111
2021-04-21,dairy_product_1,2437.0000000000005,recorded,product 1 2021.xlsx,112
2021-04-22,dairy_product_1,3584.000000000001,recorded,product 1 2021.xlsx,113
2021-04-23,dairy_product_1,2410.000000000001,recorded,product 1 2021.xlsx,114
2021-04-24,dairy_product_1,1341.9999999999995,recorded,product 1 2021.xlsx,115
2021-04-25,dairy_product_1,2205.9999999999995,recorded,product 1 2021.xlsx,116
2021-04-26,dairy_product_1,4001.000000000001,recorded,product 1 2021.xlsx,117
2021-04-27,dairy_product_1,2142.0,recorded,product 1 2021.xlsx,118
2021-04-28,dairy_product_1,2593.0000000000005,recorded,product 1 2021.xlsx,119
2021-04-29,dairy_product_1,4131.000000000001,recorded,product 1 2021.xlsx,120
2021-04-30,dairy_product_1,2940.0000000000005,recorded,product 1 2021.xlsx,121
2021-05-01,dairy_product_1,1443.0,recorded,product 1 2021.xlsx,122
2021-05-02,dairy_product_1,0.0,recorded,product 1 2021.xlsx,123
2021-05-03,dairy_product_1,0.0,recorded,product 1 2021.xlsx,124
2021-05-04,dairy_product_1,542.0,recorded,product 1 2021.xlsx,125
2021-05-05,dairy_product_1,3214.9999999999995,recorded,product 1 2021.xlsx,126
2021-05-06,dairy_product_1,3938.0000000000005,recorded,product 1 2021.xlsx,127
2021-05-07,dairy_product_1,4122.000000000001,recorded,product 1 2021.xlsx,128
2021-05-08,dairy_product_1,2507.000000000001,recorded,product 1 2021.xlsx,129
2021-05-09,dairy_product_1,2707.0,recorded,product 1 2021.xlsx,130
2021-05-10,dairy_product_1,5988.000000000003,recorded,product 1 2021.xlsx,131
2021-05-11,dairy_product_1,3399.000000000001,recorded,product 1 2021.xlsx,132
2021-05-12,dairy_product_1,3364.000000000001,recorded,product 1 2021.xlsx,133
2021-05-13,dairy_product_1,5536.000000000002,recorded,product 1 2021.xlsx,134
2021-05-14,dairy_product_1,3860.000000000002,recorded,product 1 2021.xlsx,135
2021-05-15,dairy_product_1,2265.000000000001,recorded,product 1 2021.xlsx,136
2021-05-16,dairy_product_1,1021.9999999999999,recorded,product 1 2021.xlsx,137
2021-05-17,dairy_product_1,5169.000000000002,recorded,product 1 2021.xlsx,138
2021-05-18,dairy_product_1,2954.0000000000027,recorded,product 1 2021.xlsx,139
2021-05-19,dairy_product_1,5394.000000000003,recorded,product 1 2021.xlsx,140
2021-05-20,dairy_product_1,5163.000000000001,recorded,product 1 2021.xlsx,141
2021-05-21,dairy_product_1,3859.000000000001,recorded,product 1 2021.xlsx,142
2021-05-22,dairy_product_1,2445.0000000000005,recorded,product 1 2021.xlsx,143
2021-05-23,dairy_product_1,2111.0000000000005,recorded,product 1 2021.xlsx,144
2021-05-24,dairy_product_1,5722.000000000003,recorded,product 1 2021.xlsx,145
2021-05-25,dairy_product_1,2264.0000000000005,recorded,product 1 2021.xlsx,146
2021-05-26,dairy_product_1,2555.000000000002,recorded,product 1 2021.xlsx,147
2021-05-27,dairy_product_1,5701.0,recorded,product 1 2021.xlsx,148
2021-05-28,dairy_product_1,4342.000000000001,recorded,product 1 2021.xlsx,149
2021-05-29,dairy_product_1,2354.0000000000005,recorded,product 1 2021.xlsx,150
2021-05-30,dairy_product_1,1497.0000000000002,recorded,product 1 2021.xlsx,151
2021-05-31,dairy_product_1,4657.0,recorded,product 1 2021.xlsx,152
2021-06-01,dairy_product_1,4207.000000000002,recorded,product 1 2021.xlsx,153
2021-06-02,dairy_product_1,3157.0000000000027,recorded,product 1 2021.xlsx,154
2021-06-03,dairy_product_1,5209.000000000003,recorded,product 1 2021.xlsx,155
2021-06-04,dairy_product_1,4917.000000000002,recorded,product 1 2021.xlsx,156
2021-06-05,dairy_product_1,2480.000000000001,recorded,product 1 2021.xlsx,157
2021-06-06,dairy_product_1,3352.0,recorded,product 1 2021.xlsx,158
2021-06-07,dairy_product_1,4743.000000000003,recorded,product 1 2021.xlsx,159
2021-06-08,dairy_product_1,4124.000000000003,recorded,product 1 2021.xlsx,160
2021-06-09,dairy_product_1,5315.0,recorded,product 1 2021.xlsx,161
2021-06-10,dairy_product_1,5489.000000000002,recorded,product 1 2021.xlsx,162
2021-06-11,dairy_product_1,4087.0,recorded,product 1 2021.xlsx,163
2021-06-12,dairy_product_1,2314.000000000001,recorded,product 1 2021.xlsx,164
2021-06-13,dairy_product_1,2907.0,recorded,product 1 2021.xlsx,165
2021-06-14,dairy_product_1,4912.000000000005,recorded,product 1 2021.xlsx,166
2021-06-15,dairy_product_1,3620.000000000002,recorded,product 1 2021.xlsx,167
2021-06-16,dairy_product_1,2760.0000000000005,recorded,product 1 2021.xlsx,168
2021-06-17,dairy_product_1,6997.999999999999,recorded,product 1 2021.xlsx,169
2021-06-18,dairy_product_1,3669.0000000000027,recorded,product 1 2021.xlsx,170
2021-06-19,dairy_product_1,2268.0000000000014,recorded,product 1 2021.xlsx,171
2021-06-20,dairy_product_1,2216.0,recorded,product 1 2021.xlsx,172
2021-06-21,dairy_product_1,3523.9999999999995,recorded,product 1 2021.xlsx,173
2021-06-22,dairy_product_1,4044.0000000000027,recorded,product 1 2021.xlsx,174
2021-06-23,dairy_product_1,3280.000000000002,recorded,product 1 2021.xlsx,175
2021-06-24,dairy_product_1,7048.000000000004,recorded,product 1 2021.xlsx,176
2021-06-25,dairy_product_1,3134.0000000000023,recorded,product 1 2021.xlsx,177
2021-06-26,dairy_product_1,2266.0000000000014,recorded,product 1 2021.xlsx,178
2021-06-27,dairy_product_1,2683.0,recorded,product 1 2021.xlsx,179
2021-06-28,dairy_product_1,4647.000000000003,recorded,product 1 2021.xlsx,180
2021-06-29,dairy_product_1,3525.000000000002,recorded,product 1 2021.xlsx,181
2021-06-30,dairy_product_1,5298.000000000002,recorded,product 1 2021.xlsx,182
2021-07-01,dairy_product_1,3684.000000000002,recorded,product 1 2021.xlsx,183
2021-07-02,dairy_product_1,3346.0000000000014,recorded,product 1 2021.xlsx,184
2021-07-03,dairy_product_1,1651.0000000000005,recorded,product 1 2021.xlsx,185
2021-07-04,dairy_product_1,1434.0,recorded,product 1 2021.xlsx,186
2021-07-05,dairy_product_1,5177.000000000003,recorded,product 1 2021.xlsx,187
2021-07-06,dairy_product_1,3044.0000000000014,recorded,product 1 2021.xlsx,188
2021-07-07,dairy_product_1,4016.0000000000014,recorded,product 1 2021.xlsx,189
2021-07-08,dairy_product_1,3725.000000000001,recorded,product 1 2021.xlsx,190
2021-07-09,dairy_product_1,3912.0000000000005,recorded,product 1 2021.xlsx,191
2021-07-10,dairy_product_1,1760.0,recorded,product 1 2021.xlsx,192
2021-07-11,dairy_product_1,1423.0,recorded,product 1 2021.xlsx,193
2021-07-12,dairy_product_1,3711.0000000000023,recorded,product 1 2021.xlsx,194
2021-07-13,dairy_product_1,2690.0000000000005,recorded,product 1 2021.xlsx,195
2021-07-14,dairy_product_1,4110.0,recorded,product 1 2021.xlsx,196
2021-07-15,dairy_product_1,4235.0,recorded,product 1 2021.xlsx,197
2021-07-16,dairy_product_1,3031.000000000001,recorded,product 1 2021.xlsx,198
2021-07-17,dairy_product_1,1441.9999999999993,recorded,product 1 2021.xlsx,199
2021-07-18,dairy_product_1,2676.0,recorded,product 1 2021.xlsx,200
2021-07-19,dairy_product_1,3263.0000000000014,recorded,product 1 2021.xlsx,201
2021-07-20,dairy_product_1,3246.000000000001,recorded,product 1 2021.xlsx,202
2021-07-21,dairy_product_1,2520.0,recorded,product 1 2021.xlsx,203
2021-07-22,dairy_product_1,3655.0,recorded,product 1 2021.xlsx,204
2021-07-23,dairy_product_1,3319.0000000000023,recorded,product 1 2021.xlsx,205
2021-07-24,dairy_product_1,2141.0000000000005,recorded,product 1 2021.xlsx,206
2021-07-25,dairy_product_1,2487.0,recorded,product 1 2021.xlsx,207
2021-07-26,dairy_product_1,4058.0000000000027,recorded,product 1 2021.xlsx,208
2021-07-27,dairy_product_1,3662.0,recorded,product 1 2021.xlsx,209
2021-07-28,dairy_product_1,4344.000000000005,recorded,product 1 2021.xlsx,210
2021-07-29,dairy_product_1,4693.000000000001,recorded,product 1 2021.xlsx,211
2021-07-30,dairy_product_1,3601.0000000000023,recorded,product 1 2021.xlsx,212
2021-07-31,dairy_product_1,1838.0000000000005,recorded,product 1 2021.xlsx,213
2021-08-01,dairy_product_1,1898.0,recorded,product 1 2021.xlsx,214
2021-08-02,dairy_product_1,3866.0000000000023,recorded,product 1 2021.xlsx,215
2021-08-03,dairy_product_1,3099.000000000001,recorded,product 1 2021.xlsx,216
2021-08-04,dairy_product_1,4256.000000000001,recorded,product 1 2021.xlsx,217
2021-08-05,dairy_product_1,4046.0,recorded,product 1 2021.xlsx,218
2021-08-06,dairy_product_1,3152.000000000001,recorded,product 1 2021.xlsx,219
2021-08-07,dairy_product_1,1700.9999999999993,recorded,product 1 2021.xlsx,220
2021-08-08,dairy_product_1,618.0,recorded,product 1 2021.xlsx,221
2021-08-09,dairy_product_1,4400.000000000001,recorded,product 1 2021.xlsx,222
2021-08-10,dairy_product_1,3313.0,recorded,product 1 2021.xlsx,223
2021-08-11,dairy_product_1,3393.0000000000005,recorded,product 1 2021.xlsx,224
2021-08-12,dairy_product_1,3800.000000000001,recorded,product 1 2021.xlsx,225
2021-08-13,dairy_product_1,2068.0000000000005,recorded,product 1 2021.xlsx,226
2021-08-14,dairy_product_1,1250.0,recorded,product 1 2021.xlsx,227
2021-08-15,dairy_product_1,868.0,recorded,product 1 2021.xlsx,228
2021-08-16,dairy_product_1,3295.000000000001,recorded,product 1 2021.xlsx,229
2021-08-17,dairy_product_1,2384.000000000001,recorded,product 1 2021.xlsx,230
2021-08-18,dairy_product_1,3267.0000000000005,recorded,product 1 2021.xlsx,231
2021-08-19,dairy_product_1,2492.0,recorded,product 1 2021.xlsx,232
2021-08-20,dairy_product_1,2671.000000000001,recorded,product 1 2021.xlsx,233
2021-08-21,dairy_product_1,1432.9999999999998,recorded,product 1 2021.xlsx,234
2021-08-22,dairy_product_1,1259.9999999999998,recorded,product 1 2021.xlsx,235
2021-08-23,dairy_product_1,4324.000000000001,recorded,product 1 2021.xlsx,236
2021-08-24,dairy_product_1,2196.0000000000005,recorded,product 1 2021.xlsx,237
2021-08-25,dairy_product_1,3543.000000000002,recorded,product 1 2021.xlsx,238
2021-08-26,dairy_product_1,3901.000000000001,recorded,product 1 2021.xlsx,239
2021-08-27,dairy_product_1,2949.0000000000005,recorded,product 1 2021.xlsx,240
2021-08-28,dairy_product_1,1787.0000000000005,recorded,product 1 2021.xlsx,241
2021-08-29,dairy_product_1,1212.0,recorded,product 1 2021.xlsx,242
2021-08-30,dairy_product_1,4129.000000000001,recorded,product 1 2021.xlsx,243
2021-08-31,dairy_product_1,2447.000000000001,recorded,product 1 2021.xlsx,244
2021-09-01,dairy_product_1,5183.000000000002,recorded,product 1 2021.xlsx,245
2021-09-02,dairy_product_1,3719.000000000001,recorded,product 1 2021.xlsx,246
2021-09-03,dairy_product_1,3087.000000000002,recorded,product 1 2021.xlsx,247
2021-09-04,dairy_product_1,1903.0,recorded,product 1 2021.xlsx,248
2021-09-05,dairy_product_1,777.0,recorded,product 1 2021.xlsx,249
2021-09-06,dairy_product_1,4936.000000000004,recorded,product 1 2021.xlsx,250
2021-09-07,dairy_product_1,3342.0000000000005,recorded,product 1 2021.xlsx,251
2021-09-08,dairy_product_1,6106.000000000001,recorded,product 1 2021.xlsx,252
2021-09-09,dairy_product_1,4885.000000000003,recorded,product 1 2021.xlsx,253
2021-09-10,dairy_product_1,3881.0000000000014,recorded,product 1 2021.xlsx,254
2021-09-11,dairy_product_1,2097.0,recorded,product 1 2021.xlsx,255
2021-09-12,dairy_product_1,2476.0000000000005,recorded,product 1 2021.xlsx,256
2021-09-13,dairy_product_1,2960.0000000000014,recorded,product 1 2021.xlsx,257
2021-09-14,dairy_product_1,2840.000000000001,recorded,product 1 2021.xlsx,258
2021-09-15,dairy_product_1,2839.0,recorded,product 1 2021.xlsx,259
2021-09-16,dairy_product_1,4422.000000000001,recorded,product 1 2021.xlsx,260
2021-09-17,dairy_product_1,3586.0000000000023,recorded,product 1 2021.xlsx,261
2021-09-18,dairy_product_1,1602.0000000000002,recorded,product 1 2021.xlsx,262
2021-09-19,dairy_product_1,2372.0,recorded,product 1 2021.xlsx,263
2021-09-20,dairy_product_1,3294.0000000000014,recorded,product 1 2021.xlsx,264
2021-09-21,dairy_product_1,3390.000000000002,recorded,product 1 2021.xlsx,265
2021-09-22,dairy_product_1,3899.0000000000027,recorded,product 1 2021.xlsx,266
2021-09-23,dairy_product_1,3549.000000000002,recorded,product 1 2021.xlsx,267
2021-09-24,dairy_product_1,5243.000000000003,recorded,product 1 2021.xlsx,268
2021-09-25,dairy_product_1,2211.000000000001,recorded,product 1 2021.xlsx,269
2021-09-26,dairy_product_1,1018.0,recorded,product 1 2021.xlsx,270
2021-09-27,dairy_product_1,4993.000000000001,recorded,product 1 2021.xlsx,271
2021-09-28,dairy_product_1,3304.000000000001,recorded,product 1 2021.xlsx,272
2021-09-29,dairy_product_1,3401.0000000000014,recorded,product 1 2021.xlsx,273
2021-09-30,dairy_product_1,5111.000000000004,recorded,product 1 2021.xlsx,274
2021-10-01,dairy_product_1,4681.000000000003,recorded,product 1 2021.xlsx,275
2021-10-02,dairy_product_1,2531.000000000001,recorded,product 1 2021.xlsx,276
2021-10-03,dairy_product_1,2219.0000000000005,recorded,product 1 2021.xlsx,277
2021-10-04,dairy_product_1,4863.000000000005,recorded,product 1 2021.xlsx,278
2021-10-05,dairy_product_1,3287.0000000000023,recorded,product 1 2021.xlsx,279
2021-10-06,dairy_product_1,4918.000000000001,recorded,product 1 2021.xlsx,280
2021-10-07,dairy_product_1,4843.000000000001,recorded,product 1 2021.xlsx,281
2021-10-08,dairy_product_1,2596.0000000000014,recorded,product 1 2021.xlsx,282
2021-10-09,dairy_product_1,1920.0,recorded,product 1 2021.xlsx,283
2021-10-10,dairy_product_1,2651.0,recorded,product 1 2021.xlsx,284
2021-10-11,dairy_product_1,4270.000000000001,recorded,product 1 2021.xlsx,285
2021-10-12,dairy_product_1,2528.0000000000005,recorded,product 1 2021.xlsx,286
2021-10-13,dairy_product_1,3408.0000000000014,recorded,product 1 2021.xlsx,287
2021-10-14,dairy_product_1,3699.000000000001,recorded,product 1 2021.xlsx,288
2021-10-15,dairy_product_1,2774.000000000001,recorded,product 1 2021.xlsx,289
2021-10-16,dairy_product_1,1929.0000000000007,recorded,product 1 2021.xlsx,290
2021-10-17,dairy_product_1,1178.0000000000002,recorded,product 1 2021.xlsx,291
2021-10-18,dairy_product_1,4375.000000000002,recorded,product 1 2021.xlsx,292
2021-10-19,dairy_product_1,3106.000000000001,recorded,product 1 2021.xlsx,293
2021-10-20,dairy_product_1,3333.0000000000014,recorded,product 1 2021.xlsx,294
2021-10-21,dairy_product_1,3912.0,recorded,product 1 2021.xlsx,295
2021-10-22,dairy_product_1,2876.9999999999995,recorded,product 1 2021.xlsx,296
2021-10-23,dairy_product_1,1678.9999999999998,recorded,product 1 2021.xlsx,297
2021-10-24,dairy_product_1,1358.0,recorded,product 1 2021.xlsx,298
2021-10-25,dairy_product_1,3386.0000000000023,recorded,product 1 2021.xlsx,299
2021-10-26,dairy_product_1,2125.0,recorded,product 1 2021.xlsx,300
2021-10-27,dairy_product_1,2434.0000000000014,recorded,product 1 2021.xlsx,301
2021-10-28,dairy_product_1,1676.0000000000002,recorded,product 1 2021.xlsx,302
2021-10-29,dairy_product_1,4087.9999999999995,recorded,product 1 2021.xlsx,303
2021-10-30,dairy_product_1,2118.0000000000005,recorded,product 1 2021.xlsx,304
2021-10-31,dairy_product_1,1760.0,recorded,product 1 2021.xlsx,305
2021-11-01,dairy_product_1,4364.000000000002,recorded,product 1 2021.xlsx,306
2021-11-02,dairy_product_1,5309.0,recorded,product 1 2021.xlsx,307
2021-11-03,dairy_product_1,3573.0000000000005,recorded,product 1 2021.xlsx,308
2021-11-04,dairy_product_1,3495.000000000001,recorded,product 1 2021.xlsx,309
2021-11-05,dairy_product_1,2666.000000000001,recorded,product 1 2021.xlsx,310
2021-11-06,dairy_product_1,1827.9999999999995,recorded,product 1 2021.xlsx,311
2021-11-07,dairy_product_1,850.0000000000001,recorded,product 1 2021.xlsx,312
2021-11-08,dairy_product_1,4048.0000000000027,recorded,product 1 2021.xlsx,313
2021-11-09,dairy_product_1,2726.0000000000014,recorded,product 1 2021.xlsx,314
2021-11-10,dairy_product_1,4095.0000000000023,recorded,product 1 2021.xlsx,315
2021-11-11,dairy_product_1,3312.0,recorded,product 1 2021.xlsx,316
2021-11-12,dairy_product_1,2711.0000000000014,recorded,product 1 2021.xlsx,317
2021-11-13,dairy_product_1,1725.0,recorded,product 1 2021.xlsx,318
2021-11-14,dairy_product_1,3322.0,recorded,product 1 2021.xlsx,319
2021-11-15,dairy_product_1,3158.0000000000014,recorded,product 1 2021.xlsx,320
2021-11-16,dairy_product_1,2633.000000000001,recorded,product 1 2021.xlsx,321
2021-11-17,dairy_product_1,2186.0,recorded,product 1 2021.xlsx,322
2021-11-18,dairy_product_1,3686.0,recorded,product 1 2021.xlsx,323
2021-11-19,dairy_product_1,3044.0000000000005,recorded,product 1 2021.xlsx,324
2021-11-20,dairy_product_1,1457.0000000000002,recorded,product 1 2021.xlsx,325
2021-11-21,dairy_product_1,1403.0,recorded,product 1 2021.xlsx,326
2021-11-22,dairy_product_1,3371.000000000001,recorded,product 1 2021.xlsx,327
2021-11-23,dairy_product_1,2087.0,recorded,product 1 2021.xlsx,328
2021-11-24,dairy_product_1,1778.9999999999998,recorded,product 1 2021.xlsx,329
2021-11-25,dairy_product_1,2789.0000000000005,recorded,product 1 2021.xlsx,330
2021-11-26,dairy_product_1,2260.9999999999995,recorded,product 1 2021.xlsx,331
2021-11-27,dairy_product_1,1667.0000000000002,recorded,product 1 2021.xlsx,332
2021-11-28,dairy_product_1,644.0000000000001,recorded,product 1 2021.xlsx,333
2021-11-29,dairy_product_1,4800.000000000002,recorded,product 1 2021.xlsx,334
2021-11-30,dairy_product_1,1917.0000000000002,recorded,product 1 2021.xlsx,335
2021-12-01,dairy_product_1,3312.0,recorded,product 1 2021.xlsx,336
2021-12-02,dairy_product_1,2706.000000000001,recorded,product 1 2021.xlsx,337
2021-12-03,dairy_product_1,2837.0000000000005,recorded,product 1 2021.xlsx,338
2021-12-04,dairy_product_1,1139.9999999999998,recorded,product 1 2021.xlsx,339
2021-12-05,dairy_product_1,511.00000000000006,recorded,product 1 2021.xlsx,340
2021-12-06,dairy_product_1,4296.000000000001,recorded,product 1 2021.xlsx,341
2021-12-07,dairy_product_1,2056.0,recorded,product 1 2021.xlsx,342
2021-12-08,dairy_product_1,2178.0,recorded,product 1 2021.xlsx,343
2021-12-09,dairy_product_1,3984.0000000000027,recorded,product 1 2021.xlsx,344
2021-12-10,dairy_product_1,2076.000000000001,recorded,product 1 2021.xlsx,345
2021-12-11,dairy_product_1,1298.0000000000002,recorded,product 1 2021.xlsx,346
2021-12-12,dairy_product_1,1115.0,recorded,product 1 2021.xlsx,347
2021-12-13,dairy_product_1,4046.000000000003,recorded,product 1 2021.xlsx,348
2021-12-14,dairy_product_1,2290.0,recorded,product 1 2021.xlsx,349
2021-12-15,dairy_product_1,3133.000000000001,recorded,product 1 2021.xlsx,350
2021-12-16,dairy_product_1,3005.999999999999,recorded,product 1 2021.xlsx,351
2021-12-17,dairy_product_1,2368.0,recorded,product 1 2021.xlsx,352
2021-12-18,dairy_product_1,1286.0,recorded,product 1 2021.xlsx,353
2021-12-19,dairy_product_1,1418.0000000000002,recorded,product 1 2021.xlsx,354
2021-12-20,dairy_product_1,3180.0000000000005,recorded,product 1 2021.xlsx,355
2021-12-21,dairy_product_1,2506.0,recorded,product 1 2021.xlsx,356
2021-12-22,dairy_product_1,3240.000000000001,recorded,product 1 2021.xlsx,357
2021-12-23,dairy_product_1,3579.000000000002,recorded,product 1 2021.xlsx,358
2021-12-24,dairy_product_1,2098.0000000000005,recorded,product 1 2021.xlsx,359
2021-12-25,dairy_product_1,,missing_date,,
2021-12-26,dairy_product_1,936.0000000000001,recorded,product 1 2021.xlsx,360
2021-12-27,dairy_product_1,4007.0000000000005,recorded,product 1 2021.xlsx,361
2021-12-28,dairy_product_1,1572.9999999999995,recorded,product 1 2021.xlsx,362
2021-12-29,dairy_product_1,3552.0000000000023,recorded,product 1 2021.xlsx,363
2021-12-30,dairy_product_1,2424.9999999999995,recorded,product 1 2021.xlsx,364
2021-12-31,dairy_product_1,1544.9999999999998,recorded,product 1 2021.xlsx,365
2022-01-01,dairy_product_1,40.0,recorded,product 1 2022.xlsx,2
2022-01-02,dairy_product_1,608.0,recorded,product 1 2022.xlsx,3
2022-01-03,dairy_product_1,3065.0000000000005,recorded,product 1 2022.xlsx,4
2022-01-04,dairy_product_1,2314.9999999999995,recorded,product 1 2022.xlsx,5
2022-01-05,dairy_product_1,1845.0000000000005,recorded,product 1 2022.xlsx,6
2022-01-06,dairy_product_1,868.0000000000001,recorded,product 1 2022.xlsx,7
2022-01-07,dairy_product_1,2902.000000000002,recorded,product 1 2022.xlsx,8
2022-01-08,dairy_product_1,1891.0000000000002,recorded,product 1 2022.xlsx,9
2022-01-09,dairy_product_1,575.0,recorded,product 1 2022.xlsx,10
2022-01-10,dairy_product_1,3056.0000000000023,recorded,product 1 2022.xlsx,11
2022-01-11,dairy_product_1,3178.0000000000014,recorded,product 1 2022.xlsx,12
2022-01-12,dairy_product_1,3181.000000000001,recorded,product 1 2022.xlsx,13
2022-01-13,dairy_product_1,3316.0000000000014,recorded,product 1 2022.xlsx,14
2022-01-14,dairy_product_1,3199.0000000000023,recorded,product 1 2022.xlsx,15
2022-01-15,dairy_product_1,1690.0000000000005,recorded,product 1 2022.xlsx,16
2022-01-16,dairy_product_1,1039.0,recorded,product 1 2022.xlsx,17
2022-01-17,dairy_product_1,3499.000000000001,recorded,product 1 2022.xlsx,18
2022-01-18,dairy_product_1,1972.9999999999995,recorded,product 1 2022.xlsx,19
2022-01-19,dairy_product_1,2360.0,recorded,product 1 2022.xlsx,20
2022-01-20,dairy_product_1,3863.000000000002,recorded,product 1 2022.xlsx,21
2022-01-21,dairy_product_1,3148.0000000000014,recorded,product 1 2022.xlsx,22
2022-01-22,dairy_product_1,1788.0,recorded,product 1 2022.xlsx,23
2022-01-23,dairy_product_1,1767.9999999999995,recorded,product 1 2022.xlsx,24
2022-01-24,dairy_product_1,2907.9999999999995,recorded,product 1 2022.xlsx,25
2022-01-25,dairy_product_1,1999.0000000000007,recorded,product 1 2022.xlsx,26
2022-01-26,dairy_product_1,2817.000000000001,recorded,product 1 2022.xlsx,27
2022-01-27,dairy_product_1,5468.999999999999,recorded,product 1 2022.xlsx,28
2022-01-28,dairy_product_1,2794.0000000000005,recorded,product 1 2022.xlsx,29
2022-01-29,dairy_product_1,1935.0000000000005,recorded,product 1 2022.xlsx,30
2022-01-30,dairy_product_1,1488.0000000000002,recorded,product 1 2022.xlsx,31
2022-01-31,dairy_product_1,3529.000000000002,recorded,product 1 2022.xlsx,32
2022-02-01,dairy_product_1,2519.000000000001,recorded,product 1 2022.xlsx,33
2022-02-02,dairy_product_1,3751.0000000000014,recorded,product 1 2022.xlsx,34
2022-02-03,dairy_product_1,2948.9999999999995,recorded,product 1 2022.xlsx,35
2022-02-04,dairy_product_1,3210.000000000001,recorded,product 1 2022.xlsx,36
2022-02-05,dairy_product_1,1313.9999999999995,recorded,product 1 2022.xlsx,37
2022-02-06,dairy_product_1,658.0,recorded,product 1 2022.xlsx,38
2022-02-07,dairy_product_1,4148.000000000001,recorded,product 1 2022.xlsx,39
2022-02-08,dairy_product_1,2269.9999999999995,recorded,product 1 2022.xlsx,40
2022-02-09,dairy_product_1,2406.0000000000005,recorded,product 1 2022.xlsx,41
2022-02-10,dairy_product_1,2857.0000000000005,recorded,product 1 2022.xlsx,42
2022-02-11,dairy_product_1,2113.0000000000005,recorded,product 1 2022.xlsx,43
2022-02-12,dairy_product_1,1475.0,recorded,product 1 2022.xlsx,44
2022-02-13,dairy_product_1,424.0,recorded,product 1 2022.xlsx,45
2022-02-14,dairy_product_1,4300.000000000002,recorded,product 1 2022.xlsx,46
2022-02-15,dairy_product_1,2003.9999999999998,recorded,product 1 2022.xlsx,47
2022-02-16,dairy_product_1,3005.0000000000014,recorded,product 1 2022.xlsx,48
2022-02-17,dairy_product_1,3878.0000000000005,recorded,product 1 2022.xlsx,49
2022-02-18,dairy_product_1,2714.0000000000005,recorded,product 1 2022.xlsx,50
2022-02-19,dairy_product_1,1427.9999999999995,recorded,product 1 2022.xlsx,51
2022-02-20,dairy_product_1,532.0,recorded,product 1 2022.xlsx,52
2022-02-21,dairy_product_1,3524.000000000001,recorded,product 1 2022.xlsx,53
2022-02-22,dairy_product_1,2937.0000000000014,recorded,product 1 2022.xlsx,54
2022-02-23,dairy_product_1,2481.0,recorded,product 1 2022.xlsx,55
2022-02-24,dairy_product_1,3337.000000000001,recorded,product 1 2022.xlsx,56
2022-02-25,dairy_product_1,2424.0000000000005,recorded,product 1 2022.xlsx,57
2022-02-26,dairy_product_1,1882.0000000000005,recorded,product 1 2022.xlsx,58
2022-02-27,dairy_product_1,1435.0,recorded,product 1 2022.xlsx,59
2022-02-28,dairy_product_1,3445.000000000003,recorded,product 1 2022.xlsx,60
2022-03-01,dairy_product_1,2356.0000000000014,recorded,product 1 2022.xlsx,61
2022-03-02,dairy_product_1,3200.000000000002,recorded,product 1 2022.xlsx,62
2022-03-03,dairy_product_1,3972.0000000000014,recorded,product 1 2022.xlsx,63
2022-03-04,dairy_product_1,2738.0000000000005,recorded,product 1 2022.xlsx,64
2022-03-05,dairy_product_1,1250.0000000000005,recorded,product 1 2022.xlsx,65
2022-03-06,dairy_product_1,0.0,recorded,product 1 2022.xlsx,66
2022-03-07,dairy_product_1,736.0,recorded,product 1 2022.xlsx,67
2022-03-08,dairy_product_1,2755.0,recorded,product 1 2022.xlsx,68
2022-03-09,dairy_product_1,5594.000000000001,recorded,product 1 2022.xlsx,69
2022-03-10,dairy_product_1,3134.0000000000005,recorded,product 1 2022.xlsx,70
2022-03-11,dairy_product_1,2131.000000000001,recorded,product 1 2022.xlsx,71
2022-03-12,dairy_product_1,1673.0,recorded,product 1 2022.xlsx,72
2022-03-13,dairy_product_1,40.0,recorded,product 1 2022.xlsx,73
2022-03-14,dairy_product_1,3129.0000000000014,recorded,product 1 2022.xlsx,74
2022-03-15,dairy_product_1,1595.0,recorded,product 1 2022.xlsx,75
2022-03-16,dairy_product_1,2918.000000000001,recorded,product 1 2022.xlsx,76
2022-03-17,dairy_product_1,2808.9999999999995,recorded,product 1 2022.xlsx,77
2022-03-18,dairy_product_1,2298.0,recorded,product 1 2022.xlsx,78
2022-03-19,dairy_product_1,1386.9999999999995,recorded,product 1 2022.xlsx,79
2022-03-20,dairy_product_1,488.00000000000006,recorded,product 1 2022.xlsx,80
2022-03-21,dairy_product_1,3170.9999999999995,recorded,product 1 2022.xlsx,81
2022-03-22,dairy_product_1,2130.9999999999995,recorded,product 1 2022.xlsx,82
2022-03-23,dairy_product_1,2876.0000000000005,recorded,product 1 2022.xlsx,83
2022-03-24,dairy_product_1,1492.9999999999995,recorded,product 1 2022.xlsx,84
2022-03-25,dairy_product_1,734.0,recorded,product 1 2022.xlsx,85
2022-03-26,dairy_product_1,1816.9999999999998,recorded,product 1 2022.xlsx,86
2022-03-27,dairy_product_1,246.0,recorded,product 1 2022.xlsx,87
2022-03-28,dairy_product_1,3506.0000000000014,recorded,product 1 2022.xlsx,88
2022-03-29,dairy_product_1,2822.0,recorded,product 1 2022.xlsx,89
2022-03-30,dairy_product_1,3128.0000000000005,recorded,product 1 2022.xlsx,90
2022-03-31,dairy_product_1,2886.000000000001,recorded,product 1 2022.xlsx,91
2022-04-01,dairy_product_1,3113.0000000000014,recorded,product 1 2022.xlsx,92
2022-04-02,dairy_product_1,1611.9999999999998,recorded,product 1 2022.xlsx,93
2022-04-03,dairy_product_1,415.99999999999994,recorded,product 1 2022.xlsx,94
2022-04-04,dairy_product_1,3266.000000000001,recorded,product 1 2022.xlsx,95
2022-04-05,dairy_product_1,2408.0000000000005,recorded,product 1 2022.xlsx,96
2022-04-06,dairy_product_1,2187.0,recorded,product 1 2022.xlsx,97
2022-04-07,dairy_product_1,2755.0000000000005,recorded,product 1 2022.xlsx,98
2022-04-08,dairy_product_1,2608.0,recorded,product 1 2022.xlsx,99
2022-04-09,dairy_product_1,1386.9999999999998,recorded,product 1 2022.xlsx,100
2022-04-10,dairy_product_1,995.9999999999999,recorded,product 1 2022.xlsx,101
2022-04-11,dairy_product_1,3502.0000000000014,recorded,product 1 2022.xlsx,102
2022-04-12,dairy_product_1,2928.0000000000005,recorded,product 1 2022.xlsx,103
2022-04-13,dairy_product_1,3446.000000000001,recorded,product 1 2022.xlsx,104
2022-04-14,dairy_product_1,2413.0,recorded,product 1 2022.xlsx,105
2022-04-15,dairy_product_1,2197.0,recorded,product 1 2022.xlsx,106
2022-04-16,dairy_product_1,1218.9999999999995,recorded,product 1 2022.xlsx,107
2022-04-17,dairy_product_1,551.0000000000001,recorded,product 1 2022.xlsx,108
2022-04-18,dairy_product_1,2819.0000000000005,recorded,product 1 2022.xlsx,109
2022-04-19,dairy_product_1,2119.0000000000005,recorded,product 1 2022.xlsx,110
2022-04-20,dairy_product_1,2347.0,recorded,product 1 2022.xlsx,111
2022-04-21,dairy_product_1,3902.0000000000005,recorded,product 1 2022.xlsx,112
2022-04-22,dairy_product_1,1808.0000000000007,recorded,product 1 2022.xlsx,113
2022-04-23,dairy_product_1,871.9999999999998,recorded,product 1 2022.xlsx,114
2022-04-24,dairy_product_1,0.0,recorded,product 1 2022.xlsx,115
2022-04-25,dairy_product_1,1456.0,recorded,product 1 2022.xlsx,116
2022-04-26,dairy_product_1,3316.0,recorded,product 1 2022.xlsx,117
2022-04-27,dairy_product_1,1788.9999999999986,recorded,product 1 2022.xlsx,118
2022-04-28,dairy_product_1,3125.0,recorded,product 1 2022.xlsx,119
2022-04-29,dairy_product_1,2870.0,recorded,product 1 2022.xlsx,120
2022-04-30,dairy_product_1,1481.9999999999998,recorded,product 1 2022.xlsx,121
2022-05-01,dairy_product_1,-15.999999999999996,negative_review,product 1 2022.xlsx,122
2022-05-02,dairy_product_1,733.0,recorded,product 1 2022.xlsx,123
2022-05-03,dairy_product_1,4062.0000000000023,recorded,product 1 2022.xlsx,124
2022-05-04,dairy_product_1,3850.0000000000023,recorded,product 1 2022.xlsx,125
2022-05-05,dairy_product_1,4530.0,recorded,product 1 2022.xlsx,126
2022-05-06,dairy_product_1,3270.000000000002,recorded,product 1 2022.xlsx,127
2022-05-07,dairy_product_1,1834.0000000000007,recorded,product 1 2022.xlsx,128
2022-05-08,dairy_product_1,3484.0000000000005,recorded,product 1 2022.xlsx,129
2022-05-09,dairy_product_1,3413.0000000000014,recorded,product 1 2022.xlsx,130
2022-05-10,dairy_product_1,2831.000000000001,recorded,product 1 2022.xlsx,131
2022-05-11,dairy_product_1,2818.0000000000005,recorded,product 1 2022.xlsx,132
2022-05-12,dairy_product_1,3492.0000000000005,recorded,product 1 2022.xlsx,133
2022-05-13,dairy_product_1,3051.0000000000014,recorded,product 1 2022.xlsx,134
2022-05-14,dairy_product_1,1873.0000000000007,recorded,product 1 2022.xlsx,135
2022-05-15,dairy_product_1,1364.0000000000002,recorded,product 1 2022.xlsx,136
2022-05-16,dairy_product_1,4682.000000000003,recorded,product 1 2022.xlsx,137
2022-05-17,dairy_product_1,3835.000000000002,recorded,product 1 2022.xlsx,138
2022-05-18,dairy_product_1,3785.000000000003,recorded,product 1 2022.xlsx,139
2022-05-19,dairy_product_1,2314.000000000001,recorded,product 1 2022.xlsx,140
2022-05-20,dairy_product_1,5178.000000000001,recorded,product 1 2022.xlsx,141
2022-05-21,dairy_product_1,2095.000000000001,recorded,product 1 2022.xlsx,142
2022-05-22,dairy_product_1,2967.0,recorded,product 1 2022.xlsx,143
2022-05-23,dairy_product_1,4095.000000000001,recorded,product 1 2022.xlsx,144
2022-05-24,dairy_product_1,3173.0000000000014,recorded,product 1 2022.xlsx,145
2022-05-25,dairy_product_1,3381.000000000002,recorded,product 1 2022.xlsx,146
2022-05-26,dairy_product_1,4779.000000000001,recorded,product 1 2022.xlsx,147
2022-05-27,dairy_product_1,2512.9999999999995,recorded,product 1 2022.xlsx,148
2022-05-28,dairy_product_1,1931.0,recorded,product 1 2022.xlsx,149
2022-05-29,dairy_product_1,2232.0,recorded,product 1 2022.xlsx,150
2022-05-30,dairy_product_1,5252.000000000001,recorded,product 1 2022.xlsx,151
2022-05-31,dairy_product_1,2142.0000000000014,recorded,product 1 2022.xlsx,152
2022-06-01,dairy_product_1,2592.0000000000005,recorded,product 1 2022.xlsx,153
2022-06-02,dairy_product_1,8298.000000000002,recorded,product 1 2022.xlsx,154
2022-06-03,dairy_product_1,5928.000000000002,recorded,product 1 2022.xlsx,155
2022-06-04,dairy_product_1,2133.0000000000005,recorded,product 1 2022.xlsx,156
2022-06-05,dairy_product_1,1392.0000000000002,recorded,product 1 2022.xlsx,157
2022-06-06,dairy_product_1,3377.0000000000014,recorded,product 1 2022.xlsx,158
2022-06-07,dairy_product_1,2377.0000000000014,recorded,product 1 2022.xlsx,159
2022-06-08,dairy_product_1,6652.000000000001,recorded,product 1 2022.xlsx,160
2022-06-09,dairy_product_1,4612.0,recorded,product 1 2022.xlsx,161
2022-06-10,dairy_product_1,4048.0000000000014,recorded,product 1 2022.xlsx,162
2022-06-11,dairy_product_1,2339.0,recorded,product 1 2022.xlsx,163
2022-06-12,dairy_product_1,1536.0,recorded,product 1 2022.xlsx,164
2022-06-13,dairy_product_1,2605.0,recorded,product 1 2022.xlsx,165
2022-06-14,dairy_product_1,2686.0000000000014,recorded,product 1 2022.xlsx,166
2022-06-15,dairy_product_1,5128.000000000002,recorded,product 1 2022.xlsx,167
2022-06-16,dairy_product_1,4809.0,recorded,product 1 2022.xlsx,168
2022-06-17,dairy_product_1,3102.0000000000005,recorded,product 1 2022.xlsx,169
2022-06-18,dairy_product_1,2112.0,recorded,product 1 2022.xlsx,170
2022-06-19,dairy_product_1,852.0000000000001,recorded,product 1 2022.xlsx,171
2022-06-20,dairy_product_1,6014.000000000004,recorded,product 1 2022.xlsx,172
2022-06-21,dairy_product_1,2096.999999999999,recorded,product 1 2022.xlsx,173
2022-06-22,dairy_product_1,2452.0000000000014,recorded,product 1 2022.xlsx,174
2022-06-23,dairy_product_1,3593.0000000000005,recorded,product 1 2022.xlsx,175
2022-06-24,dairy_product_1,4274.0,recorded,product 1 2022.xlsx,176
2022-06-25,dairy_product_1,1629.0000000000002,recorded,product 1 2022.xlsx,177
2022-06-26,dairy_product_1,1528.0,recorded,product 1 2022.xlsx,178
2022-06-27,dairy_product_1,3262.0000000000005,recorded,product 1 2022.xlsx,179
2022-06-28,dairy_product_1,2673.000000000001,recorded,product 1 2022.xlsx,180
2022-06-29,dairy_product_1,3683.000000000002,recorded,product 1 2022.xlsx,181
2022-06-30,dairy_product_1,4844.000000000001,recorded,product 1 2022.xlsx,182
2022-07-01,dairy_product_1,3023.0000000000014,recorded,product 1 2022.xlsx,183
2022-07-02,dairy_product_1,1579.0,recorded,product 1 2022.xlsx,184
2022-07-03,dairy_product_1,955.9999999999999,recorded,product 1 2022.xlsx,185
2022-07-04,dairy_product_1,4074.000000000001,recorded,product 1 2022.xlsx,186
2022-07-05,dairy_product_1,3881.0000000000014,recorded,product 1 2022.xlsx,187
2022-07-06,dairy_product_1,3336.0000000000014,recorded,product 1 2022.xlsx,188
2022-07-07,dairy_product_1,3711.999999999999,recorded,product 1 2022.xlsx,189
2022-07-08,dairy_product_1,2638.0000000000005,recorded,product 1 2022.xlsx,190
2022-07-09,dairy_product_1,1659.9999999999998,recorded,product 1 2022.xlsx,191
2022-07-10,dairy_product_1,1127.0000000000002,recorded,product 1 2022.xlsx,192
2022-07-11,dairy_product_1,3614.9999999999986,recorded,product 1 2022.xlsx,193
2022-07-12,dairy_product_1,2969.000000000001,recorded,product 1 2022.xlsx,194
2022-07-13,dairy_product_1,4085.999999999999,recorded,product 1 2022.xlsx,195
2022-07-14,dairy_product_1,3174.9999999999986,recorded,product 1 2022.xlsx,196
2022-07-15,dairy_product_1,2290.0,recorded,product 1 2022.xlsx,197
2022-07-16,dairy_product_1,1363.999999999999,recorded,product 1 2022.xlsx,198
2022-07-17,dairy_product_1,2067.0,recorded,product 1 2022.xlsx,199
2022-07-18,dairy_product_1,3699.000000000001,recorded,product 1 2022.xlsx,200
2022-07-19,dairy_product_1,2777.0000000000005,recorded,product 1 2022.xlsx,201
2022-07-20,dairy_product_1,3281.000000000001,recorded,product 1 2022.xlsx,202
2022-07-21,dairy_product_1,2188.000000000001,recorded,product 1 2022.xlsx,203
2022-07-22,dairy_product_1,3729.000000000001,recorded,product 1 2022.xlsx,204
2022-07-23,dairy_product_1,1263.9999999999995,recorded,product 1 2022.xlsx,205
2022-07-24,dairy_product_1,507.99999999999994,recorded,product 1 2022.xlsx,206
2022-07-25,dairy_product_1,4594.000000000003,recorded,product 1 2022.xlsx,207
2022-07-26,dairy_product_1,2919.9999999999995,recorded,product 1 2022.xlsx,208
2022-07-27,dairy_product_1,3336.000000000001,recorded,product 1 2022.xlsx,209
2022-07-28,dairy_product_1,3274.0,recorded,product 1 2022.xlsx,210
2022-07-29,dairy_product_1,3364.9999999999995,recorded,product 1 2022.xlsx,211
2022-07-30,dairy_product_1,1564.9999999999998,recorded,product 1 2022.xlsx,212
2022-07-31,dairy_product_1,1627.0,recorded,product 1 2022.xlsx,213
2022-08-01,dairy_product_1,2964.000000000001,recorded,product 1 2022.xlsx,214
2022-08-02,dairy_product_1,3232.9999999999995,recorded,product 1 2022.xlsx,215
2022-08-03,dairy_product_1,2101.0,recorded,product 1 2022.xlsx,216
2022-08-04,dairy_product_1,2750.000000000001,recorded,product 1 2022.xlsx,217
2022-08-05,dairy_product_1,3059.0,recorded,product 1 2022.xlsx,218
2022-08-06,dairy_product_1,1101.9999999999995,recorded,product 1 2022.xlsx,219
2022-08-07,dairy_product_1,1573.0000000000002,recorded,product 1 2022.xlsx,220
2022-08-08,dairy_product_1,3516.000000000001,recorded,product 1 2022.xlsx,221
2022-08-09,dairy_product_1,2432.0,recorded,product 1 2022.xlsx,222
2022-08-10,dairy_product_1,2545.0,recorded,product 1 2022.xlsx,223
2022-08-11,dairy_product_1,3897.0000000000005,recorded,product 1 2022.xlsx,224
2022-08-12,dairy_product_1,2793.0000000000005,recorded,product 1 2022.xlsx,225
2022-08-13,dairy_product_1,608.0,recorded,product 1 2022.xlsx,226
2022-08-14,dairy_product_1,320.0,recorded,product 1 2022.xlsx,227
2022-08-15,dairy_product_1,1018.0,recorded,product 1 2022.xlsx,228
2022-08-16,dairy_product_1,4604.999999999999,recorded,product 1 2022.xlsx,229
2022-08-17,dairy_product_1,2699.000000000001,recorded,product 1 2022.xlsx,230
2022-08-18,dairy_product_1,2894.000000000001,recorded,product 1 2022.xlsx,231
2022-08-19,dairy_product_1,2346.000000000001,recorded,product 1 2022.xlsx,232
2022-08-20,dairy_product_1,1470.9999999999995,recorded,product 1 2022.xlsx,233
2022-08-21,dairy_product_1,2001.0,recorded,product 1 2022.xlsx,234
2022-08-22,dairy_product_1,3720.0,recorded,product 1 2022.xlsx,235
2022-08-23,dairy_product_1,2546.0,recorded,product 1 2022.xlsx,236
2022-08-24,dairy_product_1,2644.0000000000005,recorded,product 1 2022.xlsx,237
2022-08-25,dairy_product_1,2521.000000000001,recorded,product 1 2022.xlsx,238
2022-08-26,dairy_product_1,3326.0000000000014,recorded,product 1 2022.xlsx,239
2022-08-27,dairy_product_1,1460.0,recorded,product 1 2022.xlsx,240
2022-08-28,dairy_product_1,652.0,recorded,product 1 2022.xlsx,241
2022-08-29,dairy_product_1,4034.0000000000027,recorded,product 1 2022.xlsx,242
2022-08-30,dairy_product_1,2670.999999999999,recorded,product 1 2022.xlsx,243
2022-08-31,dairy_product_1,4154.000000000001,recorded,product 1 2022.xlsx,244
2022-09-01,dairy_product_1,2311.0,recorded,product 1 2022.xlsx,245
2022-09-02,dairy_product_1,3454.000000000001,recorded,product 1 2022.xlsx,246
2022-09-03,dairy_product_1,1932.9999999999995,recorded,product 1 2022.xlsx,247
2022-09-04,dairy_product_1,684.0000000000002,recorded,product 1 2022.xlsx,248
2022-09-05,dairy_product_1,4178.000000000003,recorded,product 1 2022.xlsx,249
2022-09-06,dairy_product_1,2236.0,recorded,product 1 2022.xlsx,250
2022-09-07,dairy_product_1,3297.0000000000005,recorded,product 1 2022.xlsx,251
2022-09-08,dairy_product_1,3898.0000000000036,recorded,product 1 2022.xlsx,252
2022-09-09,dairy_product_1,3911.0000000000014,recorded,product 1 2022.xlsx,253
2022-09-10,dairy_product_1,1616.0,recorded,product 1 2022.xlsx,254
2022-09-11,dairy_product_1,1352.0000000000002,recorded,product 1 2022.xlsx,255
2022-09-12,dairy_product_1,3911.0000000000014,recorded,product 1 2022.xlsx,256
2022-09-13,dairy_product_1,3083.0000000000005,recorded,product 1 2022.xlsx,257
2022-09-14,dairy_product_1,3035.000000000002,recorded,product 1 2022.xlsx,258
2022-09-15,dairy_product_1,2775.000000000002,recorded,product 1 2022.xlsx,259
2022-09-16,dairy_product_1,1769.0000000000007,recorded,product 1 2022.xlsx,260
2022-09-17,dairy_product_1,1602.9999999999993,recorded,product 1 2022.xlsx,261
2022-09-18,dairy_product_1,2845.0,recorded,product 1 2022.xlsx,262
2022-09-19,dairy_product_1,3947.9999999999995,recorded,product 1 2022.xlsx,263
2022-09-20,dairy_product_1,3370.0000000000005,recorded,product 1 2022.xlsx,264
2022-09-21,dairy_product_1,4196.000000000003,recorded,product 1 2022.xlsx,265
2022-09-22,dairy_product_1,2724.999999999999,recorded,product 1 2022.xlsx,266
2022-09-23,dairy_product_1,3308.000000000001,recorded,product 1 2022.xlsx,267
2022-09-24,dairy_product_1,1577.9999999999998,recorded,product 1 2022.xlsx,268
2022-09-25,dairy_product_1,1291.0,recorded,product 1 2022.xlsx,269
2022-09-26,dairy_product_1,3862.0000000000014,recorded,product 1 2022.xlsx,270
2022-09-27,dairy_product_1,2762.0,recorded,product 1 2022.xlsx,271
2022-09-28,dairy_product_1,2153.0000000000005,recorded,product 1 2022.xlsx,272
2022-09-29,dairy_product_1,3733.9999999999995,recorded,product 1 2022.xlsx,273
2022-09-30,dairy_product_1,3103.0000000000014,recorded,product 1 2022.xlsx,274
2022-10-01,dairy_product_1,1982.0000000000005,recorded,product 1 2022.xlsx,275
2022-10-02,dairy_product_1,1500.0,recorded,product 1 2022.xlsx,276
2022-10-03,dairy_product_1,3975.000000000001,recorded,product 1 2022.xlsx,277
2022-10-04,dairy_product_1,2840.0,recorded,product 1 2022.xlsx,278
2022-10-05,dairy_product_1,2792.0000000000005,recorded,product 1 2022.xlsx,279
2022-10-06,dairy_product_1,3535.999999999999,recorded,product 1 2022.xlsx,280
2022-10-07,dairy_product_1,2727.0,recorded,product 1 2022.xlsx,281
2022-10-08,dairy_product_1,1475.0,recorded,product 1 2022.xlsx,282
2022-10-09,dairy_product_1,1903.0,recorded,product 1 2022.xlsx,283
2022-10-10,dairy_product_1,3674.0000000000005,recorded,product 1 2022.xlsx,284
2022-10-11,dairy_product_1,2610.0000000000005,recorded,product 1 2022.xlsx,285
2022-10-12,dairy_product_1,4690.000000000005,recorded,product 1 2022.xlsx,286
2022-10-13,dairy_product_1,2263.0,recorded,product 1 2022.xlsx,287
2022-10-14,dairy_product_1,3009.0,recorded,product 1 2022.xlsx,288
2022-10-15,dairy_product_1,1733.9999999999995,recorded,product 1 2022.xlsx,289
2022-10-16,dairy_product_1,1132.0000000000002,recorded,product 1 2022.xlsx,290
2022-10-17,dairy_product_1,4939.0,recorded,product 1 2022.xlsx,291
2022-10-18,dairy_product_1,2482.0,recorded,product 1 2022.xlsx,292
2022-10-19,dairy_product_1,3167.000000000001,recorded,product 1 2022.xlsx,293
2022-10-20,dairy_product_1,3147.000000000002,recorded,product 1 2022.xlsx,294
2022-10-21,dairy_product_1,2687.0000000000005,recorded,product 1 2022.xlsx,295
2022-10-22,dairy_product_1,1795.999999999999,recorded,product 1 2022.xlsx,296
2022-10-23,dairy_product_1,1340.0,recorded,product 1 2022.xlsx,297
2022-10-24,dairy_product_1,4541.999999999999,recorded,product 1 2022.xlsx,298
2022-10-25,dairy_product_1,3277.0000000000005,recorded,product 1 2022.xlsx,299
2022-10-26,dairy_product_1,2888.0000000000005,recorded,product 1 2022.xlsx,300
2022-10-27,dairy_product_1,2172.0000000000005,recorded,product 1 2022.xlsx,301
2022-10-28,dairy_product_1,220.0,recorded,product 1 2022.xlsx,302
2022-10-29,dairy_product_1,1687.0000000000007,recorded,product 1 2022.xlsx,303
2022-10-30,dairy_product_1,1484.0,recorded,product 1 2022.xlsx,304
2022-10-31,dairy_product_1,4237.000000000003,recorded,product 1 2022.xlsx,305
2022-11-01,dairy_product_1,4441.000000000005,recorded,product 1 2022.xlsx,306
2022-11-02,dairy_product_1,3267.0,recorded,product 1 2022.xlsx,307
2022-11-03,dairy_product_1,4135.000000000006,recorded,product 1 2022.xlsx,308
2022-11-04,dairy_product_1,2885.999999999999,recorded,product 1 2022.xlsx,309
2022-11-05,dairy_product_1,1859.9999999999998,recorded,product 1 2022.xlsx,310
2022-11-06,dairy_product_1,891.0000000000002,recorded,product 1 2022.xlsx,311
2022-11-07,dairy_product_1,3886.0,recorded,product 1 2022.xlsx,312
2022-11-08,dairy_product_1,2301.0,recorded,product 1 2022.xlsx,313
2022-11-09,dairy_product_1,2430.0,recorded,product 1 2022.xlsx,314
2022-11-10,dairy_product_1,2915.999999999999,recorded,product 1 2022.xlsx,315
2022-11-11,dairy_product_1,3067.999999999997,recorded,product 1 2022.xlsx,316
2022-11-12,dairy_product_1,1584.9999999999989,recorded,product 1 2022.xlsx,317
2022-11-13,dairy_product_1,2444.0,recorded,product 1 2022.xlsx,318
2022-11-14,dairy_product_1,3662.9999999999995,recorded,product 1 2022.xlsx,319
2022-11-15,dairy_product_1,2898.9999999999977,recorded,product 1 2022.xlsx,320
2022-11-16,dairy_product_1,2143.9999999999995,recorded,product 1 2022.xlsx,321
2022-11-17,dairy_product_1,2968.9999999999977,recorded,product 1 2022.xlsx,322
2022-11-18,dairy_product_1,2609.0000000000005,recorded,product 1 2022.xlsx,323
2022-11-19,dairy_product_1,1272.9999999999982,recorded,product 1 2022.xlsx,324
2022-11-20,dairy_product_1,2409.0000000000005,recorded,product 1 2022.xlsx,325
2022-11-21,dairy_product_1,2853.999999999996,recorded,product 1 2022.xlsx,326
2022-11-22,dairy_product_1,1918.9999999999995,recorded,product 1 2022.xlsx,327
2022-11-23,dairy_product_1,2011.9999999999982,recorded,product 1 2022.xlsx,328
2022-11-24,dairy_product_1,3382.0000000000023,recorded,product 1 2022.xlsx,329
2022-11-25,dairy_product_1,2240.0,recorded,product 1 2022.xlsx,330
2022-11-26,dairy_product_1,1548.9999999999984,recorded,product 1 2022.xlsx,331
2022-11-27,dairy_product_1,1164.0,recorded,product 1 2022.xlsx,332
2022-11-28,dairy_product_1,4484.999999999998,recorded,product 1 2022.xlsx,333
2022-11-29,dairy_product_1,1892.9999999999989,recorded,product 1 2022.xlsx,334
2022-11-30,dairy_product_1,2294.9999999999995,recorded,product 1 2022.xlsx,335
2022-12-01,dairy_product_1,2805.9999999999977,recorded,product 1 2022.xlsx,336
2022-12-02,dairy_product_1,2494.0000000000005,recorded,product 1 2022.xlsx,337
2022-12-03,dairy_product_1,1583.9999999999984,recorded,product 1 2022.xlsx,338
2022-12-04,dairy_product_1,444.0,recorded,product 1 2022.xlsx,339
2022-12-05,dairy_product_1,3467.0,recorded,product 1 2022.xlsx,340
2022-12-06,dairy_product_1,2245.0,recorded,product 1 2022.xlsx,341
2022-12-07,dairy_product_1,1941.9999999999986,recorded,product 1 2022.xlsx,342
2022-12-08,dairy_product_1,3889.000000000004,recorded,product 1 2022.xlsx,343
2022-12-09,dairy_product_1,2527.0,recorded,product 1 2022.xlsx,344
2022-12-10,dairy_product_1,1639.9999999999993,recorded,product 1 2022.xlsx,345
2022-12-11,dairy_product_1,1512.0,recorded,product 1 2022.xlsx,346
2022-12-12,dairy_product_1,2305.0,recorded,product 1 2022.xlsx,347
2022-12-13,dairy_product_1,2284.0000000000005,recorded,product 1 2022.xlsx,348
2022-12-14,dairy_product_1,2033.0000000000005,recorded,product 1 2022.xlsx,349
2022-12-15,dairy_product_1,1573.9999999999986,recorded,product 1 2022.xlsx,350
2022-12-16,dairy_product_1,3067.0,recorded,product 1 2022.xlsx,351
2022-12-17,dairy_product_1,1287.9999999999989,recorded,product 1 2022.xlsx,352
2022-12-18,dairy_product_1,1656.0,recorded,product 1 2022.xlsx,353
2022-12-19,dairy_product_1,3144.9999999999977,recorded,product 1 2022.xlsx,354
2022-12-20,dairy_product_1,2220.999999999999,recorded,product 1 2022.xlsx,355
2022-12-21,dairy_product_1,2517.0,recorded,product 1 2022.xlsx,356
2022-12-22,dairy_product_1,2918.0000000000005,recorded,product 1 2022.xlsx,357
2022-12-23,dairy_product_1,2869.0000000000027,recorded,product 1 2022.xlsx,358
2022-12-24,dairy_product_1,1183.999999999999,recorded,product 1 2022.xlsx,359
2022-12-25,dairy_product_1,106.0,recorded,product 1 2022.xlsx,360
2022-12-26,dairy_product_1,776.0,recorded,product 1 2022.xlsx,361
2022-12-27,dairy_product_1,3457.999999999999,recorded,product 1 2022.xlsx,362
2022-12-28,dairy_product_1,3132.9999999999995,recorded,product 1 2022.xlsx,363
2022-12-29,dairy_product_1,2223.0000000000005,recorded,product 1 2022.xlsx,364
2022-12-30,dairy_product_1,2341.000000000002,recorded,product 1 2022.xlsx,365
2022-12-31,dairy_product_1,946.0000000000005,recorded,product 1 2022.xlsx,366
