date,reference_date,actual,predicted,absolute_error,status
2022-01-01,2021-12-25,40.0,,,missing_reference
2022-01-02,2021-12-26,608.0,936.0000000000001,328.0000000000001,evaluated
2022-01-03,2021-12-27,3065.0000000000005,4007.0000000000005,942.0,evaluated
2022-01-04,2021-12-28,2314.9999999999995,1572.9999999999995,742.0,evaluated
2022-01-05,2021-12-29,1845.0000000000005,3552.0000000000023,1707.0000000000018,evaluated
2022-01-06,2021-12-30,868.0000000000001,2424.9999999999995,1556.9999999999995,evaluated
2022-01-07,2021-12-31,2902.000000000002,1544.9999999999998,1357.000000000002,evaluated
2022-01-08,2022-01-01,1891.0000000000002,40.0,1851.0000000000002,evaluated
2022-01-09,2022-01-02,575.0,608.0,33.0,evaluated
2022-01-10,2022-01-03,3056.0000000000023,3065.0000000000005,8.999999999998181,evaluated
2022-01-11,2022-01-04,3178.0000000000014,2314.9999999999995,863.0000000000018,evaluated
2022-01-12,2022-01-05,3181.000000000001,1845.0000000000005,1336.0000000000005,evaluated
2022-01-13,2022-01-06,3316.0000000000014,868.0000000000001,2448.0000000000014,evaluated
2022-01-14,2022-01-07,3199.0000000000023,2902.000000000002,297.00000000000045,evaluated
2022-01-15,2022-01-08,1690.0000000000005,1891.0000000000002,200.99999999999977,evaluated
2022-01-16,2022-01-09,1039.0,575.0,464.0,evaluated
2022-01-17,2022-01-10,3499.000000000001,3056.0000000000023,442.99999999999864,evaluated
2022-01-18,2022-01-11,1972.9999999999995,3178.0000000000014,1205.0000000000018,evaluated
2022-01-19,2022-01-12,2360.0,3181.000000000001,821.0000000000009,evaluated
2022-01-20,2022-01-13,3863.000000000002,3316.0000000000014,547.0000000000005,evaluated
2022-01-21,2022-01-14,3148.0000000000014,3199.0000000000023,51.00000000000091,evaluated
2022-01-22,2022-01-15,1788.0,1690.0000000000005,97.99999999999955,evaluated
2022-01-23,2022-01-16,1767.9999999999995,1039.0,728.9999999999995,evaluated
2022-01-24,2022-01-17,2907.9999999999995,3499.000000000001,591.0000000000014,evaluated
2022-01-25,2022-01-18,1999.0000000000007,1972.9999999999995,26.000000000001137,evaluated
2022-01-26,2022-01-19,2817.000000000001,2360.0,457.0000000000009,evaluated
2022-01-27,2022-01-20,5468.999999999999,3863.000000000002,1605.9999999999973,evaluated
2022-01-28,2022-01-21,2794.0000000000005,3148.0000000000014,354.0000000000009,evaluated
2022-01-29,2022-01-22,1935.0000000000005,1788.0,147.00000000000045,evaluated
2022-01-30,2022-01-23,1488.0000000000002,1767.9999999999995,279.9999999999993,evaluated
2022-01-31,2022-01-24,3529.000000000002,2907.9999999999995,621.0000000000023,evaluated
2022-02-01,2022-01-25,2519.000000000001,1999.0000000000007,520.0000000000002,evaluated
2022-02-02,2022-01-26,3751.0000000000014,2817.000000000001,934.0000000000005,evaluated
2022-02-03,2022-01-27,2948.9999999999995,5468.999999999999,2519.9999999999995,evaluated
2022-02-04,2022-01-28,3210.000000000001,2794.0000000000005,416.00000000000045,evaluated
2022-02-05,2022-01-29,1313.9999999999995,1935.0000000000005,621.0000000000009,evaluated
2022-02-06,2022-01-30,658.0,1488.0000000000002,830.0000000000002,evaluated
2022-02-07,2022-01-31,4148.000000000001,3529.000000000002,618.9999999999991,evaluated
2022-02-08,2022-02-01,2269.9999999999995,2519.000000000001,249.00000000000136,evaluated
2022-02-09,2022-02-02,2406.0000000000005,3751.0000000000014,1345.000000000001,evaluated
2022-02-10,2022-02-03,2857.0000000000005,2948.9999999999995,91.99999999999909,evaluated
2022-02-11,2022-02-04,2113.0000000000005,3210.000000000001,1097.0000000000005,evaluated
2022-02-12,2022-02-05,1475.0,1313.9999999999995,161.00000000000045,evaluated
2022-02-13,2022-02-06,424.0,658.0,234.0,evaluated
2022-02-14,2022-02-07,4300.000000000002,4148.000000000001,152.0000000000009,evaluated
2022-02-15,2022-02-08,2003.9999999999998,2269.9999999999995,265.9999999999998,evaluated
2022-02-16,2022-02-09,3005.0000000000014,2406.0000000000005,599.0000000000009,evaluated
2022-02-17,2022-02-10,3878.0000000000005,2857.0000000000005,1021.0,evaluated
2022-02-18,2022-02-11,2714.0000000000005,2113.0000000000005,601.0,evaluated
2022-02-19,2022-02-12,1427.9999999999995,1475.0,47.000000000000455,evaluated
2022-02-20,2022-02-13,532.0,424.0,108.0,evaluated
2022-02-21,2022-02-14,3524.000000000001,4300.000000000002,776.0000000000009,evaluated
2022-02-22,2022-02-15,2937.0000000000014,2003.9999999999998,933.0000000000016,evaluated
2022-02-23,2022-02-16,2481.0,3005.0000000000014,524.0000000000014,evaluated
2022-02-24,2022-02-17,3337.000000000001,3878.0000000000005,540.9999999999995,evaluated
2022-02-25,2022-02-18,2424.0000000000005,2714.0000000000005,290.0,evaluated
2022-02-26,2022-02-19,1882.0000000000005,1427.9999999999995,454.0000000000009,evaluated
2022-02-27,2022-02-20,1435.0,532.0,903.0,evaluated
2022-02-28,2022-02-21,3445.000000000003,3524.000000000001,78.99999999999773,evaluated
2022-03-01,2022-02-22,2356.0000000000014,2937.0000000000014,581.0,evaluated
2022-03-02,2022-02-23,3200.000000000002,2481.0,719.0000000000018,evaluated
2022-03-03,2022-02-24,3972.0000000000014,3337.000000000001,635.0000000000005,evaluated
2022-03-04,2022-02-25,2738.0000000000005,2424.0000000000005,314.0,evaluated
2022-03-05,2022-02-26,1250.0000000000005,1882.0000000000005,632.0,evaluated
2022-03-06,2022-02-27,0.0,1435.0,1435.0,evaluated
2022-03-07,2022-02-28,736.0,3445.000000000003,2709.000000000003,evaluated
2022-03-08,2022-03-01,2755.0,2356.0000000000014,398.99999999999864,evaluated
2022-03-09,2022-03-02,5594.000000000001,3200.000000000002,2393.999999999999,evaluated
2022-03-10,2022-03-03,3134.0000000000005,3972.0000000000014,838.0000000000009,evaluated
2022-03-11,2022-03-04,2131.000000000001,2738.0000000000005,606.9999999999995,evaluated
2022-03-12,2022-03-05,1673.0,1250.0000000000005,422.99999999999955,evaluated
2022-03-13,2022-03-06,40.0,0.0,40.0,evaluated
2022-03-14,2022-03-07,3129.0000000000014,736.0,2393.0000000000014,evaluated
2022-03-15,2022-03-08,1595.0,2755.0,1160.0,evaluated
2022-03-16,2022-03-09,2918.000000000001,5594.000000000001,2676.0,evaluated
2022-03-17,2022-03-10,2808.9999999999995,3134.0000000000005,325.0000000000009,evaluated
2022-03-18,2022-03-11,2298.0,2131.000000000001,166.9999999999991,evaluated
2022-03-19,2022-03-12,1386.9999999999995,1673.0,286.00000000000045,evaluated
2022-03-20,2022-03-13,488.00000000000006,40.0,448.00000000000006,evaluated
2022-03-21,2022-03-14,3170.9999999999995,3129.0000000000014,41.99999999999818,evaluated
2022-03-22,2022-03-15,2130.9999999999995,1595.0,535.9999999999995,evaluated
2022-03-23,2022-03-16,2876.0000000000005,2918.000000000001,42.000000000000455,evaluated
2022-03-24,2022-03-17,1492.9999999999995,2808.9999999999995,1316.0,evaluated
2022-03-25,2022-03-18,734.0,2298.0,1564.0,evaluated
2022-03-26,2022-03-19,1816.9999999999998,1386.9999999999995,430.0000000000002,evaluated
2022-03-27,2022-03-20,246.0,488.00000000000006,242.00000000000006,evaluated
2022-03-28,2022-03-21,3506.0000000000014,3170.9999999999995,335.0000000000018,evaluated
2022-03-29,2022-03-22,2822.0,2130.9999999999995,691.0000000000005,evaluated
2022-03-30,2022-03-23,3128.0000000000005,2876.0000000000005,252.0,evaluated
2022-03-31,2022-03-24,2886.000000000001,1492.9999999999995,1393.0000000000014,evaluated
2022-04-01,2022-03-25,3113.0000000000014,734.0,2379.0000000000014,evaluated
2022-04-02,2022-03-26,1611.9999999999998,1816.9999999999998,205.0,evaluated
2022-04-03,2022-03-27,415.99999999999994,246.0,169.99999999999994,evaluated
2022-04-04,2022-03-28,3266.000000000001,3506.0000000000014,240.00000000000045,evaluated
2022-04-05,2022-03-29,2408.0000000000005,2822.0,413.99999999999955,evaluated
2022-04-06,2022-03-30,2187.0,3128.0000000000005,941.0000000000005,evaluated
2022-04-07,2022-03-31,2755.0000000000005,2886.000000000001,131.00000000000045,evaluated
2022-04-08,2022-04-01,2608.0,3113.0000000000014,505.00000000000136,evaluated
2022-04-09,2022-04-02,1386.9999999999998,1611.9999999999998,225.0,evaluated
2022-04-10,2022-04-03,995.9999999999999,415.99999999999994,580.0,evaluated
2022-04-11,2022-04-04,3502.0000000000014,3266.000000000001,236.00000000000045,evaluated
2022-04-12,2022-04-05,2928.0000000000005,2408.0000000000005,520.0,evaluated
2022-04-13,2022-04-06,3446.000000000001,2187.0,1259.000000000001,evaluated
2022-04-14,2022-04-07,2413.0,2755.0000000000005,342.00000000000045,evaluated
2022-04-15,2022-04-08,2197.0,2608.0,411.0,evaluated
2022-04-16,2022-04-09,1218.9999999999995,1386.9999999999998,168.00000000000023,evaluated
2022-04-17,2022-04-10,551.0000000000001,995.9999999999999,444.9999999999998,evaluated
2022-04-18,2022-04-11,2819.0000000000005,3502.0000000000014,683.0000000000009,evaluated
2022-04-19,2022-04-12,2119.0000000000005,2928.0000000000005,809.0,evaluated
2022-04-20,2022-04-13,2347.0,3446.000000000001,1099.000000000001,evaluated
2022-04-21,2022-04-14,3902.0000000000005,2413.0,1489.0000000000005,evaluated
2022-04-22,2022-04-15,1808.0000000000007,2197.0,388.9999999999993,evaluated
2022-04-23,2022-04-16,871.9999999999998,1218.9999999999995,346.9999999999998,evaluated
2022-04-24,2022-04-17,0.0,551.0000000000001,551.0000000000001,evaluated
2022-04-25,2022-04-18,1456.0,2819.0000000000005,1363.0000000000005,evaluated
2022-04-26,2022-04-19,3316.0,2119.0000000000005,1196.9999999999995,evaluated
2022-04-27,2022-04-20,1788.9999999999986,2347.0,558.0000000000014,evaluated
2022-04-28,2022-04-21,3125.0,3902.0000000000005,777.0000000000005,evaluated
2022-04-29,2022-04-22,2870.0,1808.0000000000007,1061.9999999999993,evaluated
2022-04-30,2022-04-23,1481.9999999999998,871.9999999999998,610.0,evaluated
2022-05-01,2022-04-24,,0.0,,missing_actual
2022-05-02,2022-04-25,733.0,1456.0,723.0,evaluated
2022-05-03,2022-04-26,4062.0000000000023,3316.0,746.0000000000023,evaluated
2022-05-04,2022-04-27,3850.0000000000023,1788.9999999999986,2061.0000000000036,evaluated
2022-05-05,2022-04-28,4530.0,3125.0,1405.0,evaluated
2022-05-06,2022-04-29,3270.000000000002,2870.0,400.0000000000018,evaluated
2022-05-07,2022-04-30,1834.0000000000007,1481.9999999999998,352.0000000000009,evaluated
2022-05-08,2022-05-01,3484.0000000000005,,,missing_reference
2022-05-09,2022-05-02,3413.0000000000014,733.0,2680.0000000000014,evaluated
2022-05-10,2022-05-03,2831.000000000001,4062.0000000000023,1231.0000000000014,evaluated
2022-05-11,2022-05-04,2818.0000000000005,3850.0000000000023,1032.0000000000018,evaluated
2022-05-12,2022-05-05,3492.0000000000005,4530.0,1037.9999999999995,evaluated
2022-05-13,2022-05-06,3051.0000000000014,3270.000000000002,219.00000000000045,evaluated
2022-05-14,2022-05-07,1873.0000000000007,1834.0000000000007,39.0,evaluated
2022-05-15,2022-05-08,1364.0000000000002,3484.0000000000005,2120.0,evaluated
2022-05-16,2022-05-09,4682.000000000003,3413.0000000000014,1269.0000000000014,evaluated
2022-05-17,2022-05-10,3835.000000000002,2831.000000000001,1004.0000000000009,evaluated
2022-05-18,2022-05-11,3785.000000000003,2818.0000000000005,967.0000000000027,evaluated
2022-05-19,2022-05-12,2314.000000000001,3492.0000000000005,1177.9999999999995,evaluated
2022-05-20,2022-05-13,5178.000000000001,3051.0000000000014,2126.9999999999995,evaluated
2022-05-21,2022-05-14,2095.000000000001,1873.0000000000007,222.00000000000023,evaluated
2022-05-22,2022-05-15,2967.0,1364.0000000000002,1602.9999999999998,evaluated
2022-05-23,2022-05-16,4095.000000000001,4682.000000000003,587.0000000000018,evaluated
2022-05-24,2022-05-17,3173.0000000000014,3835.000000000002,662.0000000000005,evaluated
2022-05-25,2022-05-18,3381.000000000002,3785.000000000003,404.00000000000136,evaluated
2022-05-26,2022-05-19,4779.000000000001,2314.000000000001,2465.0,evaluated
2022-05-27,2022-05-20,2512.9999999999995,5178.000000000001,2665.0000000000014,evaluated
2022-05-28,2022-05-21,1931.0,2095.000000000001,164.0000000000009,evaluated
2022-05-29,2022-05-22,2232.0,2967.0,735.0,evaluated
2022-05-30,2022-05-23,5252.000000000001,4095.000000000001,1157.0,evaluated
2022-05-31,2022-05-24,2142.0000000000014,3173.0000000000014,1031.0,evaluated
2022-06-01,2022-05-25,2592.0000000000005,3381.000000000002,789.0000000000014,evaluated
2022-06-02,2022-05-26,8298.000000000002,4779.000000000001,3519.000000000001,evaluated
2022-06-03,2022-05-27,5928.000000000002,2512.9999999999995,3415.0000000000023,evaluated
2022-06-04,2022-05-28,2133.0000000000005,1931.0,202.00000000000045,evaluated
2022-06-05,2022-05-29,1392.0000000000002,2232.0,839.9999999999998,evaluated
2022-06-06,2022-05-30,3377.0000000000014,5252.000000000001,1874.9999999999995,evaluated
2022-06-07,2022-05-31,2377.0000000000014,2142.0000000000014,235.0,evaluated
2022-06-08,2022-06-01,6652.000000000001,2592.0000000000005,4060.0000000000005,evaluated
2022-06-09,2022-06-02,4612.0,8298.000000000002,3686.000000000002,evaluated
2022-06-10,2022-06-03,4048.0000000000014,5928.000000000002,1880.0000000000005,evaluated
2022-06-11,2022-06-04,2339.0,2133.0000000000005,205.99999999999955,evaluated
2022-06-12,2022-06-05,1536.0,1392.0000000000002,143.99999999999977,evaluated
2022-06-13,2022-06-06,2605.0,3377.0000000000014,772.0000000000014,evaluated
2022-06-14,2022-06-07,2686.0000000000014,2377.0000000000014,309.0,evaluated
2022-06-15,2022-06-08,5128.000000000002,6652.000000000001,1523.999999999999,evaluated
2022-06-16,2022-06-09,4809.0,4612.0,197.0,evaluated
2022-06-17,2022-06-10,3102.0000000000005,4048.0000000000014,946.0000000000009,evaluated
2022-06-18,2022-06-11,2112.0,2339.0,227.0,evaluated
2022-06-19,2022-06-12,852.0000000000001,1536.0,683.9999999999999,evaluated
2022-06-20,2022-06-13,6014.000000000004,2605.0,3409.0000000000036,evaluated
2022-06-21,2022-06-14,2096.999999999999,2686.0000000000014,589.0000000000023,evaluated
2022-06-22,2022-06-15,2452.0000000000014,5128.000000000002,2676.0000000000005,evaluated
2022-06-23,2022-06-16,3593.0000000000005,4809.0,1215.9999999999995,evaluated
2022-06-24,2022-06-17,4274.0,3102.0000000000005,1171.9999999999995,evaluated
2022-06-25,2022-06-18,1629.0000000000002,2112.0,482.9999999999998,evaluated
2022-06-26,2022-06-19,1528.0,852.0000000000001,675.9999999999999,evaluated
2022-06-27,2022-06-20,3262.0000000000005,6014.000000000004,2752.000000000003,evaluated
2022-06-28,2022-06-21,2673.000000000001,2096.999999999999,576.0000000000018,evaluated
2022-06-29,2022-06-22,3683.000000000002,2452.0000000000014,1231.0000000000005,evaluated
2022-06-30,2022-06-23,4844.000000000001,3593.0000000000005,1251.0000000000005,evaluated
2022-07-01,2022-06-24,3023.0000000000014,4274.0,1250.9999999999986,evaluated
2022-07-02,2022-06-25,1579.0,1629.0000000000002,50.00000000000023,evaluated
2022-07-03,2022-06-26,955.9999999999999,1528.0,572.0000000000001,evaluated
2022-07-04,2022-06-27,4074.000000000001,3262.0000000000005,812.0000000000005,evaluated
2022-07-05,2022-06-28,3881.0000000000014,2673.000000000001,1208.0000000000005,evaluated
2022-07-06,2022-06-29,3336.0000000000014,3683.000000000002,347.00000000000045,evaluated
2022-07-07,2022-06-30,3711.999999999999,4844.000000000001,1132.0000000000018,evaluated
2022-07-08,2022-07-01,2638.0000000000005,3023.0000000000014,385.0000000000009,evaluated
2022-07-09,2022-07-02,1659.9999999999998,1579.0,80.99999999999977,evaluated
2022-07-10,2022-07-03,1127.0000000000002,955.9999999999999,171.00000000000034,evaluated
2022-07-11,2022-07-04,3614.9999999999986,4074.000000000001,459.0000000000023,evaluated
2022-07-12,2022-07-05,2969.000000000001,3881.0000000000014,912.0000000000005,evaluated
2022-07-13,2022-07-06,4085.999999999999,3336.0000000000014,749.9999999999977,evaluated
2022-07-14,2022-07-07,3174.9999999999986,3711.999999999999,537.0000000000005,evaluated
2022-07-15,2022-07-08,2290.0,2638.0000000000005,348.00000000000045,evaluated
2022-07-16,2022-07-09,1363.999999999999,1659.9999999999998,296.0000000000007,evaluated
2022-07-17,2022-07-10,2067.0,1127.0000000000002,939.9999999999998,evaluated
2022-07-18,2022-07-11,3699.000000000001,3614.9999999999986,84.00000000000227,evaluated
2022-07-19,2022-07-12,2777.0000000000005,2969.000000000001,192.00000000000045,evaluated
2022-07-20,2022-07-13,3281.000000000001,4085.999999999999,804.9999999999982,evaluated
2022-07-21,2022-07-14,2188.000000000001,3174.9999999999986,986.9999999999977,evaluated
2022-07-22,2022-07-15,3729.000000000001,2290.0,1439.000000000001,evaluated
2022-07-23,2022-07-16,1263.9999999999995,1363.999999999999,99.99999999999955,evaluated
2022-07-24,2022-07-17,507.99999999999994,2067.0,1559.0,evaluated
2022-07-25,2022-07-18,4594.000000000003,3699.000000000001,895.0000000000018,evaluated
2022-07-26,2022-07-19,2919.9999999999995,2777.0000000000005,142.9999999999991,evaluated
2022-07-27,2022-07-20,3336.000000000001,3281.000000000001,55.0,evaluated
2022-07-28,2022-07-21,3274.0,2188.000000000001,1085.999999999999,evaluated
2022-07-29,2022-07-22,3364.9999999999995,3729.000000000001,364.00000000000136,evaluated
2022-07-30,2022-07-23,1564.9999999999998,1263.9999999999995,301.0000000000002,evaluated
2022-07-31,2022-07-24,1627.0,507.99999999999994,1119.0,evaluated
2022-08-01,2022-07-25,2964.000000000001,4594.000000000003,1630.0000000000018,evaluated
2022-08-02,2022-07-26,3232.9999999999995,2919.9999999999995,313.0,evaluated
2022-08-03,2022-07-27,2101.0,3336.000000000001,1235.000000000001,evaluated
2022-08-04,2022-07-28,2750.000000000001,3274.0,523.9999999999991,evaluated
2022-08-05,2022-07-29,3059.0,3364.9999999999995,305.99999999999955,evaluated
2022-08-06,2022-07-30,1101.9999999999995,1564.9999999999998,463.0000000000002,evaluated
2022-08-07,2022-07-31,1573.0000000000002,1627.0,53.99999999999977,evaluated
2022-08-08,2022-08-01,3516.000000000001,2964.000000000001,552.0,evaluated
2022-08-09,2022-08-02,2432.0,3232.9999999999995,800.9999999999995,evaluated
2022-08-10,2022-08-03,2545.0,2101.0,444.0,evaluated
2022-08-11,2022-08-04,3897.0000000000005,2750.000000000001,1146.9999999999995,evaluated
2022-08-12,2022-08-05,2793.0000000000005,3059.0,265.99999999999955,evaluated
2022-08-13,2022-08-06,608.0,1101.9999999999995,493.99999999999955,evaluated
2022-08-14,2022-08-07,320.0,1573.0000000000002,1253.0000000000002,evaluated
2022-08-15,2022-08-08,1018.0,3516.000000000001,2498.000000000001,evaluated
2022-08-16,2022-08-09,4604.999999999999,2432.0,2172.999999999999,evaluated
2022-08-17,2022-08-10,2699.000000000001,2545.0,154.0000000000009,evaluated
2022-08-18,2022-08-11,2894.000000000001,3897.0000000000005,1002.9999999999995,evaluated
2022-08-19,2022-08-12,2346.000000000001,2793.0000000000005,446.99999999999955,evaluated
2022-08-20,2022-08-13,1470.9999999999995,608.0,862.9999999999995,evaluated
2022-08-21,2022-08-14,2001.0,320.0,1681.0,evaluated
2022-08-22,2022-08-15,3720.0,1018.0,2702.0,evaluated
2022-08-23,2022-08-16,2546.0,4604.999999999999,2058.999999999999,evaluated
2022-08-24,2022-08-17,2644.0000000000005,2699.000000000001,55.000000000000455,evaluated
2022-08-25,2022-08-18,2521.000000000001,2894.000000000001,373.0,evaluated
2022-08-26,2022-08-19,3326.0000000000014,2346.000000000001,980.0000000000005,evaluated
2022-08-27,2022-08-20,1460.0,1470.9999999999995,10.999999999999545,evaluated
2022-08-28,2022-08-21,652.0,2001.0,1349.0,evaluated
2022-08-29,2022-08-22,4034.0000000000027,3720.0,314.00000000000273,evaluated
2022-08-30,2022-08-23,2670.999999999999,2546.0,124.99999999999909,evaluated
2022-08-31,2022-08-24,4154.000000000001,2644.0000000000005,1510.0000000000005,evaluated
2022-09-01,2022-08-25,2311.0,2521.000000000001,210.0000000000009,evaluated
2022-09-02,2022-08-26,3454.000000000001,3326.0000000000014,127.99999999999955,evaluated
2022-09-03,2022-08-27,1932.9999999999995,1460.0,472.99999999999955,evaluated
2022-09-04,2022-08-28,684.0000000000002,652.0,32.00000000000023,evaluated
2022-09-05,2022-08-29,4178.000000000003,4034.0000000000027,144.0,evaluated
2022-09-06,2022-08-30,2236.0,2670.999999999999,434.9999999999991,evaluated
2022-09-07,2022-08-31,3297.0000000000005,4154.000000000001,857.0000000000005,evaluated
2022-09-08,2022-09-01,3898.0000000000036,2311.0,1587.0000000000036,evaluated
2022-09-09,2022-09-02,3911.0000000000014,3454.000000000001,457.00000000000045,evaluated
2022-09-10,2022-09-03,1616.0,1932.9999999999995,316.99999999999955,evaluated
2022-09-11,2022-09-04,1352.0000000000002,684.0000000000002,668.0,evaluated
2022-09-12,2022-09-05,3911.0000000000014,4178.000000000003,267.00000000000136,evaluated
2022-09-13,2022-09-06,3083.0000000000005,2236.0,847.0000000000005,evaluated
2022-09-14,2022-09-07,3035.000000000002,3297.0000000000005,261.99999999999864,evaluated
2022-09-15,2022-09-08,2775.000000000002,3898.0000000000036,1123.0000000000018,evaluated
2022-09-16,2022-09-09,1769.0000000000007,3911.0000000000014,2142.000000000001,evaluated
2022-09-17,2022-09-10,1602.9999999999993,1616.0,13.000000000000682,evaluated
2022-09-18,2022-09-11,2845.0,1352.0000000000002,1492.9999999999998,evaluated
2022-09-19,2022-09-12,3947.9999999999995,3911.0000000000014,36.99999999999818,evaluated
2022-09-20,2022-09-13,3370.0000000000005,3083.0000000000005,287.0,evaluated
2022-09-21,2022-09-14,4196.000000000003,3035.000000000002,1161.000000000001,evaluated
2022-09-22,2022-09-15,2724.999999999999,2775.000000000002,50.00000000000273,evaluated
2022-09-23,2022-09-16,3308.000000000001,1769.0000000000007,1539.0000000000002,evaluated
2022-09-24,2022-09-17,1577.9999999999998,1602.9999999999993,24.999999999999545,evaluated
2022-09-25,2022-09-18,1291.0,2845.0,1554.0,evaluated
2022-09-26,2022-09-19,3862.0000000000014,3947.9999999999995,85.99999999999818,evaluated
2022-09-27,2022-09-20,2762.0,3370.0000000000005,608.0000000000005,evaluated
2022-09-28,2022-09-21,2153.0000000000005,4196.000000000003,2043.0000000000023,evaluated
2022-09-29,2022-09-22,3733.9999999999995,2724.999999999999,1009.0000000000005,evaluated
2022-09-30,2022-09-23,3103.0000000000014,3308.000000000001,204.99999999999955,evaluated
2022-10-01,2022-09-24,1982.0000000000005,1577.9999999999998,404.0000000000007,evaluated
2022-10-02,2022-09-25,1500.0,1291.0,209.0,evaluated
2022-10-03,2022-09-26,3975.000000000001,3862.0000000000014,112.99999999999955,evaluated
2022-10-04,2022-09-27,2840.0,2762.0,78.0,evaluated
2022-10-05,2022-09-28,2792.0000000000005,2153.0000000000005,639.0,evaluated
2022-10-06,2022-09-29,3535.999999999999,3733.9999999999995,198.00000000000045,evaluated
2022-10-07,2022-09-30,2727.0,3103.0000000000014,376.00000000000136,evaluated
2022-10-08,2022-10-01,1475.0,1982.0000000000005,507.00000000000045,evaluated
2022-10-09,2022-10-02,1903.0,1500.0,403.0,evaluated
2022-10-10,2022-10-03,3674.0000000000005,3975.000000000001,301.00000000000045,evaluated
2022-10-11,2022-10-04,2610.0000000000005,2840.0,229.99999999999955,evaluated
2022-10-12,2022-10-05,4690.000000000005,2792.0000000000005,1898.000000000004,evaluated
2022-10-13,2022-10-06,2263.0,3535.999999999999,1272.999999999999,evaluated
2022-10-14,2022-10-07,3009.0,2727.0,282.0,evaluated
2022-10-15,2022-10-08,1733.9999999999995,1475.0,258.99999999999955,evaluated
2022-10-16,2022-10-09,1132.0000000000002,1903.0,770.9999999999998,evaluated
2022-10-17,2022-10-10,4939.0,3674.0000000000005,1264.9999999999995,evaluated
2022-10-18,2022-10-11,2482.0,2610.0000000000005,128.00000000000045,evaluated
2022-10-19,2022-10-12,3167.000000000001,4690.000000000005,1523.0000000000036,evaluated
2022-10-20,2022-10-13,3147.000000000002,2263.0,884.0000000000018,evaluated
2022-10-21,2022-10-14,2687.0000000000005,3009.0,321.99999999999955,evaluated
2022-10-22,2022-10-15,1795.999999999999,1733.9999999999995,61.999999999999545,evaluated
2022-10-23,2022-10-16,1340.0,1132.0000000000002,207.99999999999977,evaluated
2022-10-24,2022-10-17,4541.999999999999,4939.0,397.0000000000009,evaluated
2022-10-25,2022-10-18,3277.0000000000005,2482.0,795.0000000000005,evaluated
2022-10-26,2022-10-19,2888.0000000000005,3167.000000000001,279.00000000000045,evaluated
2022-10-27,2022-10-20,2172.0000000000005,3147.000000000002,975.0000000000014,evaluated
2022-10-28,2022-10-21,220.0,2687.0000000000005,2467.0000000000005,evaluated
2022-10-29,2022-10-22,1687.0000000000007,1795.999999999999,108.99999999999841,evaluated
2022-10-30,2022-10-23,1484.0,1340.0,144.0,evaluated
2022-10-31,2022-10-24,4237.000000000003,4541.999999999999,304.99999999999636,evaluated
2022-11-01,2022-10-25,4441.000000000005,3277.0000000000005,1164.000000000004,evaluated
2022-11-02,2022-10-26,3267.0,2888.0000000000005,378.99999999999955,evaluated
2022-11-03,2022-10-27,4135.000000000006,2172.0000000000005,1963.000000000006,evaluated
2022-11-04,2022-10-28,2885.999999999999,220.0,2665.999999999999,evaluated
2022-11-05,2022-10-29,1859.9999999999998,1687.0000000000007,172.9999999999991,evaluated
2022-11-06,2022-10-30,891.0000000000002,1484.0,592.9999999999998,evaluated
2022-11-07,2022-10-31,3886.0,4237.000000000003,351.00000000000273,evaluated
2022-11-08,2022-11-01,2301.0,4441.000000000005,2140.0000000000045,evaluated
2022-11-09,2022-11-02,2430.0,3267.0,837.0,evaluated
2022-11-10,2022-11-03,2915.999999999999,4135.000000000006,1219.0000000000073,evaluated
2022-11-11,2022-11-04,3067.999999999997,2885.999999999999,181.99999999999773,evaluated
2022-11-12,2022-11-05,1584.9999999999989,1859.9999999999998,275.0000000000009,evaluated
2022-11-13,2022-11-06,2444.0,891.0000000000002,1552.9999999999998,evaluated
2022-11-14,2022-11-07,3662.9999999999995,3886.0,223.00000000000045,evaluated
2022-11-15,2022-11-08,2898.9999999999977,2301.0,597.9999999999977,evaluated
2022-11-16,2022-11-09,2143.9999999999995,2430.0,286.00000000000045,evaluated
2022-11-17,2022-11-10,2968.9999999999977,2915.999999999999,52.999999999998636,evaluated
2022-11-18,2022-11-11,2609.0000000000005,3067.999999999997,458.99999999999636,evaluated
2022-11-19,2022-11-12,1272.9999999999982,1584.9999999999989,312.0000000000007,evaluated
2022-11-20,2022-11-13,2409.0000000000005,2444.0,34.999999999999545,evaluated
2022-11-21,2022-11-14,2853.999999999996,3662.9999999999995,809.0000000000036,evaluated
2022-11-22,2022-11-15,1918.9999999999995,2898.9999999999977,979.9999999999982,evaluated
2022-11-23,2022-11-16,2011.9999999999982,2143.9999999999995,132.00000000000136,evaluated
2022-11-24,2022-11-17,3382.0000000000023,2968.9999999999977,413.00000000000455,evaluated
2022-11-25,2022-11-18,2240.0,2609.0000000000005,369.00000000000045,evaluated
2022-11-26,2022-11-19,1548.9999999999984,1272.9999999999982,276.0000000000002,evaluated
2022-11-27,2022-11-20,1164.0,2409.0000000000005,1245.0000000000005,evaluated
2022-11-28,2022-11-21,4484.999999999998,2853.999999999996,1631.0000000000023,evaluated
2022-11-29,2022-11-22,1892.9999999999989,1918.9999999999995,26.000000000000682,evaluated
2022-11-30,2022-11-23,2294.9999999999995,2011.9999999999982,283.00000000000136,evaluated
2022-12-01,2022-11-24,2805.9999999999977,3382.0000000000023,576.0000000000045,evaluated
2022-12-02,2022-11-25,2494.0000000000005,2240.0,254.00000000000045,evaluated
2022-12-03,2022-11-26,1583.9999999999984,1548.9999999999984,35.0,evaluated
2022-12-04,2022-11-27,444.0,1164.0,720.0,evaluated
2022-12-05,2022-11-28,3467.0,4484.999999999998,1017.9999999999982,evaluated
2022-12-06,2022-11-29,2245.0,1892.9999999999989,352.00000000000114,evaluated
2022-12-07,2022-11-30,1941.9999999999986,2294.9999999999995,353.0000000000009,evaluated
2022-12-08,2022-12-01,3889.000000000004,2805.9999999999977,1083.0000000000064,evaluated
2022-12-09,2022-12-02,2527.0,2494.0000000000005,32.999999999999545,evaluated
2022-12-10,2022-12-03,1639.9999999999993,1583.9999999999984,56.00000000000091,evaluated
2022-12-11,2022-12-04,1512.0,444.0,1068.0,evaluated
2022-12-12,2022-12-05,2305.0,3467.0,1162.0,evaluated
2022-12-13,2022-12-06,2284.0000000000005,2245.0,39.000000000000455,evaluated
2022-12-14,2022-12-07,2033.0000000000005,1941.9999999999986,91.00000000000182,evaluated
2022-12-15,2022-12-08,1573.9999999999986,3889.000000000004,2315.0000000000055,evaluated
2022-12-16,2022-12-09,3067.0,2527.0,540.0,evaluated
2022-12-17,2022-12-10,1287.9999999999989,1639.9999999999993,352.00000000000045,evaluated
2022-12-18,2022-12-11,1656.0,1512.0,144.0,evaluated
2022-12-19,2022-12-12,3144.9999999999977,2305.0,839.9999999999977,evaluated
2022-12-20,2022-12-13,2220.999999999999,2284.0000000000005,63.000000000001364,evaluated
2022-12-21,2022-12-14,2517.0,2033.0000000000005,483.99999999999955,evaluated
2022-12-22,2022-12-15,2918.0000000000005,1573.9999999999986,1344.0000000000018,evaluated
2022-12-23,2022-12-16,2869.0000000000027,3067.0,197.99999999999727,evaluated
2022-12-24,2022-12-17,1183.999999999999,1287.9999999999989,103.99999999999977,evaluated
2022-12-25,2022-12-18,106.0,1656.0,1550.0,evaluated
2022-12-26,2022-12-19,776.0,3144.9999999999977,2368.9999999999977,evaluated
2022-12-27,2022-12-20,3457.999999999999,2220.999999999999,1237.0,evaluated
2022-12-28,2022-12-21,3132.9999999999995,2517.0,615.9999999999995,evaluated
2022-12-29,2022-12-22,2223.0000000000005,2918.0000000000005,695.0,evaluated
2022-12-30,2022-12-23,2341.000000000002,2869.0000000000027,528.0000000000009,evaluated
2022-12-31,2022-12-24,946.0000000000005,1183.999999999999,237.99999999999864,evaluated
