date,actual,baseline,random_forest,evaluated
2022-01-01,40.0,,1088.3894381868129,False
2022-01-02,608.0,936.0,1873.0638786630045,True
2022-01-03,3065.0000000000005,4007.000000000001,4132.858405032467,True
2022-01-04,2314.9999999999995,1572.9999999999995,2988.018351302436,True
2022-01-05,1845.0000000000005,3552.0000000000023,3489.828405936478,True
2022-01-06,868.0000000000001,2424.9999999999995,3225.3036590492834,True
2022-01-07,2902.000000000002,1544.9999999999998,3377.7009802706866,True
2022-01-08,1891.0,40.0,1888.58644955045,True
2022-01-09,575.0,608.0,1699.4002841464096,True
2022-01-10,3056.0000000000023,3065.0000000000005,3745.987932692305,True
2022-01-11,3178.0000000000014,2314.9999999999995,2663.090879692344,True
2022-01-12,3181.000000000001,1845.0000000000005,2798.5703380247014,True
2022-01-13,3316.0000000000014,868.0000000000001,3486.3795794061375,True
2022-01-14,3199.0000000000023,2902.000000000002,3378.1749690390025,True
2022-01-15,1690.0000000000005,1891.0,1543.6189770123665,True
2022-01-16,1039.0,575.0,1520.9438884587641,True
2022-01-17,3499.000000000001,3056.0000000000023,3835.7931209648273,True
2022-01-18,1972.9999999999995,3178.0000000000014,3220.5071093340493,True
2022-01-19,2360.0,3181.000000000001,3374.765212899936,True
2022-01-20,3863.000000000002,3316.0000000000014,3557.419666571049,True
2022-01-21,3148.0000000000014,3199.0000000000023,3471.129070829064,True
2022-01-22,1788.0,1690.0000000000005,1785.1116126961278,True
2022-01-23,1767.9999999999995,1039.0,1476.1587289516042,True
2022-01-24,2907.9999999999995,3499.000000000001,4000.163530740698,True
2022-01-25,1999.000000000001,1972.9999999999995,2732.740023709889,True
2022-01-26,2817.000000000001,2360.0,3045.4318201883793,True
2022-01-27,5468.999999999999,3863.000000000002,3586.3826090372168,True
2022-01-28,2794.0000000000005,3148.0000000000014,3127.2567413046545,True
2022-01-29,1935.0000000000005,1788.0,1767.9586971514232,True
2022-01-30,1488.0000000000002,1767.9999999999995,1648.3492992543866,True
2022-01-31,3529.000000000002,2907.9999999999995,3805.191672855818,True
2022-02-01,2519.000000000001,1999.000000000001,2591.046130559639,True
2022-02-02,3751.000000000002,2817.000000000001,3459.7562094483046,True
2022-02-03,2948.9999999999995,5468.999999999999,3923.127689211343,True
2022-02-04,3210.000000000001,2794.0000000000005,3207.0801914269223,True
2022-02-05,1313.9999999999995,1935.0000000000005,1642.2495111310614,True
2022-02-06,658.0,1488.0000000000002,1579.855828518704,True
2022-02-07,4148.000000000001,3529.000000000002,3815.464438237959,True
2022-02-08,2269.9999999999995,2519.000000000001,2639.3139047800773,True
2022-02-09,2406.0000000000005,3751.000000000002,3184.348506365609,True
2022-02-10,2857.0000000000005,2948.9999999999995,3705.9669623281293,True
2022-02-11,2113.0000000000005,3210.000000000001,3510.6080921849934,True
2022-02-12,1475.0,1313.9999999999995,1691.5274449004055,True
2022-02-13,424.0,658.0,1447.2808209429465,True
2022-02-14,4300.000000000002,4148.000000000001,3265.565670629616,True
2022-02-15,2004.0,2269.9999999999995,2607.3726049125007,True
2022-02-16,3005.0000000000014,2406.0000000000005,3042.9407550795377,True
2022-02-17,3878.000000000001,2857.0000000000005,3409.178503193047,True
2022-02-18,2714.0000000000005,2113.0000000000005,2934.1770423019525,True
2022-02-19,1427.9999999999995,1475.0,1447.8148911835817,True
2022-02-20,532.0,424.0,1517.9659572510825,True
2022-02-21,3524.000000000001,4300.000000000002,3583.214453620374,True
2022-02-22,2937.0000000000014,2004.0,2491.0007419279,True
2022-02-23,2481.0,3005.0000000000014,3413.3222420345264,True
2022-02-24,3337.000000000001,3878.000000000001,3357.015681326776,True
2022-02-25,2424.0000000000005,2714.0000000000005,2951.3809505526456,True
2022-02-26,1882.0000000000005,1427.9999999999995,1668.0196612673724,True
2022-02-27,1435.0,532.0,1492.617726010101,True
2022-02-28,3445.000000000003,3524.000000000001,3795.8365798534196,True
2022-03-01,2356.0000000000014,2937.0000000000014,2943.9086690629583,True
2022-03-02,3200.000000000002,2481.0,3204.15471938399,True
2022-03-03,3972.000000000002,3337.000000000001,3303.9238870269905,True
2022-03-04,2738.0000000000005,2424.0000000000005,2851.8360586229146,True
2022-03-05,1250.0000000000005,1882.0000000000005,1454.207688257539,True
2022-03-06,0.0,1435.0,1555.8718630952385,True
2022-03-07,736.0,3445.000000000003,2795.2344204545457,True
2022-03-08,2755.0,2356.0000000000014,2931.6589111462636,True
2022-03-09,5594.000000000001,3200.000000000002,3472.6606669377816,True
2022-03-10,3134.0000000000005,3972.000000000002,3367.0781357456876,True
2022-03-11,2131.000000000001,2738.0000000000005,3059.3007761888143,True
2022-03-12,1673.0,1250.0000000000005,1630.979461758547,True
2022-03-13,40.0,0.0,1451.2305723304476,True
2022-03-14,3129.0000000000014,736.0,3236.98566434954,True
2022-03-15,1595.0,2755.0,2945.4044330090155,True
2022-03-16,2918.000000000001,5594.000000000001,3554.478585296242,True
2022-03-17,2808.9999999999995,3134.0000000000005,3510.8475290108386,True
2022-03-18,2298.0,2131.000000000001,2948.1073348752084,True
2022-03-19,1386.9999999999995,1673.0,1644.3611202667057,True
2022-03-20,488.00000000000006,40.0,1571.9441120129873,True
2022-03-21,3170.9999999999995,3129.0000000000014,3274.3657364579853,True
2022-03-22,2130.9999999999995,1595.0,2824.090513987566,True
2022-03-23,2876.0000000000005,2918.000000000001,3246.8860852951334,True
2022-03-24,1492.9999999999995,2808.9999999999995,3336.6092055160702,True
2022-03-25,734.0,2298.0,3037.473047731004,True
2022-03-26,1817.0,1386.9999999999995,1861.0905411255412,True
2022-03-27,246.0,488.00000000000006,1559.5728602092352,True
2022-03-28,3506.0000000000014,3170.9999999999995,2992.874872294371,True
2022-03-29,2822.0,2130.9999999999995,2607.5040655054922,True
2022-03-30,3128.0000000000005,2876.0000000000005,3400.217620485934,True
2022-03-31,2886.000000000001,1492.9999999999995,3688.8493005646083,True
2022-04-01,3113.0000000000014,734.0,3515.213546633355,True
2022-04-02,1611.9999999999998,1817.0,1567.0258699388842,True
2022-04-03,416.0,246.0,1396.5095169552671,True
2022-04-04,3266.000000000001,3506.0000000000014,3067.5896748737364,True
2022-04-05,2408.0000000000005,2822.0,2846.8218128410617,True
2022-04-06,2187.0,3128.0000000000005,3343.6366886883334,True
2022-04-07,2755.0000000000005,2886.000000000001,3471.2560043531353,True
2022-04-08,2608.0,3113.0000000000014,3294.7915366640705,True
2022-04-09,1386.9999999999998,1611.9999999999998,1754.4195895090647,True
2022-04-10,996.0,416.0,1588.4241953463206,True
2022-04-11,3502.0000000000014,3266.000000000001,3828.512224042161,True
2022-04-12,2928.0000000000005,2408.0000000000005,2656.460759260305,True
2022-04-13,3446.000000000001,2187.0,2765.6225065983563,True
2022-04-14,2413.0,2755.0000000000005,2888.381389150098,True
2022-04-15,2197.0,2608.0,3096.250207809996,True
2022-04-16,1218.9999999999995,1386.9999999999998,1571.4859445396557,True
2022-04-17,551.0000000000001,996.0,1525.6962846320346,True
2022-04-18,2819.0000000000005,3502.0000000000014,3657.47405358027,True
2022-04-19,2119.0000000000005,2928.0000000000005,3266.177599083327,True
2022-04-20,2347.0,3446.000000000001,3027.371494165014,True
2022-04-21,3902.000000000001,2413.0,3063.9592849929963,True
2022-04-22,1808.000000000001,2197.0,2860.8541043067976,True
2022-04-23,871.9999999999998,1218.9999999999995,1584.9356385281383,True
2022-04-24,0.0,551.0000000000001,1597.4731298701302,True
2022-04-25,1456.0,2819.0000000000005,2662.280247946498,True
2022-04-26,3316.0,2119.0000000000005,2662.19549711585,True
2022-04-27,1788.9999999999986,2347.0,2816.18769946075,True
2022-04-28,3125.0,3902.000000000001,3260.5127267223456,True
2022-04-29,2870.0,1808.000000000001,2915.0220346832475,True
2022-04-30,1481.9999999999998,871.9999999999998,1732.3325484667737,True
2022-05-01,,0.0,1446.1546994949492,False
2022-05-02,733.0,1456.0,3502.1038805839557,True
2022-05-03,4062.000000000002,3316.0,3251.2809644522135,True
2022-05-04,3850.000000000002,1788.9999999999986,2626.1545119876623,True
2022-05-05,4530.0,3125.0,2898.747173359394,True
2022-05-06,3270.000000000002,2870.0,3067.3767526205274,True
2022-05-07,1834.000000000001,1481.9999999999998,1726.30574269933,True
2022-05-08,3484.0000000000005,,1285.2088712121217,False
2022-05-09,3413.0000000000014,733.0,3733.3027927134954,True
2022-05-10,2831.000000000001,4062.000000000002,3637.049663892194,True
2022-05-11,2818.0000000000005,3850.000000000002,4034.456013763345,True
2022-05-12,3492.0000000000005,4530.0,4126.219644470021,True
2022-05-13,3051.0000000000014,3270.000000000002,3451.698749599344,True
2022-05-14,1873.000000000001,1834.000000000001,1678.0427080280829,True
2022-05-15,1364.0000000000002,3484.0000000000005,1322.3435007215012,True
2022-05-16,4682.000000000003,3413.0000000000014,3720.300420339523,True
2022-05-17,3835.000000000002,2831.000000000001,3074.5554083897705,True
2022-05-18,3785.000000000003,2818.0000000000005,3081.9641470996576,True
2022-05-19,2314.000000000001,3492.0000000000005,3762.832777509544,True
2022-05-20,5178.000000000001,3051.0000000000014,3392.7320355410075,True
2022-05-21,2095.000000000001,1873.000000000001,2131.266735264736,True
2022-05-22,2967.0,1364.0000000000002,1927.896505230881,True
2022-05-23,4095.000000000001,4682.000000000003,4183.4269955510745,True
2022-05-24,3173.0000000000014,3835.000000000002,3380.705467545238,True
2022-05-25,3381.000000000002,3785.000000000003,3733.151023867302,True
2022-05-26,4779.000000000001,2314.000000000001,3213.5128901731237,True
2022-05-27,2512.9999999999995,5178.000000000001,3993.6480938894447,True
2022-05-28,1931.0,2095.000000000001,1864.3622741141132,True
2022-05-29,2232.0,2967.0,1570.076860930737,True
2022-05-30,5252.000000000001,4095.000000000001,3735.468416239553,True
2022-05-31,2142.0000000000014,3173.0000000000014,3369.031180427592,True
2022-06-01,2592.0000000000005,3381.000000000002,3723.485837596642,True
2022-06-02,8298.000000000002,4779.000000000001,3774.073563050267,True
2022-06-03,5928.000000000002,2512.9999999999995,3482.7962369195443,True
2022-06-04,2133.0000000000005,1931.0,2494.8224303751813,True
2022-06-05,1392.0000000000002,2232.0,2135.6970389610397,True
2022-06-06,3377.0000000000014,5252.000000000001,4463.765721916973,True
2022-06-07,2377.0000000000014,2142.0000000000014,3180.4581896983213,True
2022-06-08,6652.000000000001,2592.0000000000005,3633.971679631945,True
2022-06-09,4612.0,8298.000000000002,3967.6217137146446,True
2022-06-10,4048.000000000002,5928.000000000002,3813.8727287631446,True
2022-06-11,2339.0,2133.0000000000005,2194.194076208515,True
2022-06-12,1536.0,1392.0000000000002,2305.005703944205,True
2022-06-13,2605.0,3377.0000000000014,4428.290336679045,True
2022-06-14,2686.0000000000014,2377.0000000000014,3628.327701001776,True
2022-06-15,5128.000000000002,6652.000000000001,3852.380402944867,True
2022-06-16,4809.0,4612.0,4019.135736975661,True
2022-06-17,3102.0000000000005,4048.000000000002,3589.0672356201103,True
2022-06-18,2112.0,2339.0,1867.1215637694634,True
2022-06-19,852.0000000000001,1536.0,2022.1408522588533,True
2022-06-20,6014.000000000004,2605.0,3667.974967725392,True
2022-06-21,2096.999999999999,2686.0000000000014,3391.7621735039206,True
2022-06-22,2452.0000000000014,5128.000000000002,4747.737681013188,True
2022-06-23,3593.0000000000005,4809.0,3747.5183277547676,True
2022-06-24,4274.0,3102.0000000000005,3196.9260134800843,True
2022-06-25,1629.0000000000002,2112.0,2114.244370209448,True
2022-06-26,1528.0,852.0000000000001,2062.473085541774,True
2022-06-27,3262.0000000000005,6014.000000000004,3804.6456898448796,True
2022-06-28,2673.000000000001,2096.999999999999,2671.5757009005465,True
2022-06-29,3683.000000000002,2452.0000000000014,3287.4508433492383,True
2022-06-30,4844.000000000001,3593.0000000000005,4002.427677179607,True
2022-07-01,3023.0000000000014,4274.0,4024.711567890998,True
2022-07-02,1579.0,1629.0000000000002,1789.3592555620019,True
2022-07-03,956.0,1528.0,1905.2033505591621,True
2022-07-04,4074.000000000001,3262.0000000000005,4159.149012949874,True
2022-07-05,3881.000000000002,2673.000000000001,2799.0026021636418,True
2022-07-06,3336.0000000000014,3683.000000000002,3778.8798861524947,True
2022-07-07,3711.999999999999,4844.000000000001,4024.6020338664775,True
2022-07-08,2638.0000000000005,3023.0000000000014,3274.767645237838,True
2022-07-09,1659.9999999999998,1579.0,1711.7353986001401,True
2022-07-10,1127.0000000000002,956.0,1589.677257980445,True
2022-07-11,3614.999999999999,4074.000000000001,4127.574508726835,True
2022-07-12,2969.000000000001,3881.000000000002,2969.4647096920858,True
2022-07-13,4085.999999999999,3336.0000000000014,3639.9160175580096,True
2022-07-14,3174.999999999998,3711.999999999999,3565.0494392960345,True
2022-07-15,2290.0,2638.0000000000005,2991.068262608277,True
2022-07-16,1363.999999999999,1659.9999999999998,1497.4187367058923,True
2022-07-17,2067.0,1127.0000000000002,1453.6489255050503,True
2022-07-18,3699.000000000001,3614.999999999999,4006.894621239048,True
2022-07-19,2777.0000000000005,2969.000000000001,3080.341039970355,True
2022-07-20,3281.000000000001,4085.999999999999,3718.0258481051815,True
2022-07-21,2188.000000000001,3174.999999999998,3237.92648488658,True
2022-07-22,3729.000000000001,2290.0,3043.157844041378,True
2022-07-23,1263.9999999999995,1363.999999999999,1778.0168353762247,True
2022-07-24,508.0,2067.0,1012.434656024531,True
2022-07-25,4594.000000000003,3699.000000000001,3598.3593492682426,True
2022-07-26,2919.9999999999995,2777.0000000000005,2792.654767194453,True
2022-07-27,3336.000000000001,3281.000000000001,3535.115495568889,True
2022-07-28,3274.0,2188.000000000001,3311.969590739385,True
2022-07-29,3364.9999999999995,3729.000000000001,2972.7982460388052,True
2022-07-30,1564.9999999999998,1263.9999999999995,1466.3193098387385,True
2022-07-31,1627.0,508.0,1130.0745313852813,True
2022-08-01,2964.000000000001,4594.000000000003,4101.850416053414,True
2022-08-02,3232.9999999999995,2919.9999999999995,3100.22362385071,True
2022-08-03,2101.0,3336.000000000001,3091.2905418204004,True
2022-08-04,2750.000000000001,3274.0,3010.6507193020807,True
2022-08-05,3059.0,3364.9999999999995,3398.438087730203,True
2022-08-06,1101.9999999999995,1564.9999999999998,1451.8534894213235,True
2022-08-07,1573.0000000000002,1627.0,1303.142179473304,True
2022-08-08,3516.000000000001,2964.000000000001,3609.611890372702,True
2022-08-09,2432.0,3232.9999999999995,2892.173102737861,True
2022-08-10,2545.0,2101.0,3038.0728533379365,True
2022-08-11,3897.000000000001,2750.000000000001,3394.13558916196,True
2022-08-12,2793.0000000000005,3059.0,3012.3530424515634,True
2022-08-13,608.0,1101.9999999999995,1460.6339556060013,True
2022-08-14,320.0,1573.0000000000002,1402.3776106532346,True
2022-08-15,1018.0,3516.000000000001,3185.3360558261174,True
2022-08-16,4604.999999999999,2432.0,2889.448633777081,True
2022-08-17,2699.000000000001,2545.0,3041.6059377728147,True
2022-08-18,2894.000000000001,3897.000000000001,3462.5858575709594,True
2022-08-19,2346.000000000001,2793.0000000000005,3191.3239345867128,True
2022-08-20,1470.9999999999995,608.0,1587.8491803751795,True
2022-08-21,2001.0,320.0,1546.3167016594514,True
2022-08-22,3720.0,1018.0,3888.019614802761,True
2022-08-23,2546.0,4604.999999999999,3386.181062933981,True
2022-08-24,2644.0000000000005,2699.000000000001,3236.0558752628676,True
2022-08-25,2521.000000000001,2894.000000000001,3569.6871319499387,True
2022-08-26,3326.0000000000014,2346.000000000001,3036.441946503849,True
2022-08-27,1460.0,1470.9999999999995,1543.854529640294,True
2022-08-28,652.0,2001.0,1317.509267857142,True
2022-08-29,4034.0000000000023,3720.0,3858.1678609307355,True
2022-08-30,2670.999999999999,2546.0,2832.007238412514,True
2022-08-31,4154.000000000001,2644.0000000000005,3120.7706702888654,True
2022-09-01,2311.0,2521.000000000001,2704.8425388958135,True
2022-09-02,3454.000000000001,3326.0000000000014,3332.814702681761,True
2022-09-03,1932.9999999999995,1460.0,1568.8506183155082,True
2022-09-04,684.0000000000002,652.0,1452.5234875105734,True
2022-09-05,4178.000000000003,4034.0000000000023,3980.696523481808,True
2022-09-06,2236.0,2670.999999999999,2591.7347768013988,True
2022-09-07,3297.0000000000005,4154.000000000001,3603.661207971508,True
2022-09-08,3898.000000000004,2311.0,3079.0388452146162,True
2022-09-09,3911.000000000002,3454.000000000001,3186.670464824912,True
2022-09-10,1616.0,1932.9999999999995,1744.101727311939,True
2022-09-11,1352.0000000000002,684.0000000000002,1414.9853275613277,True
2022-09-12,3911.000000000002,4178.000000000003,3917.099737378222,True
2022-09-13,3083.0000000000005,2236.0,3071.5591821591242,True
2022-09-14,3035.000000000002,3297.0000000000005,3593.652708753341,True
2022-09-15,2775.000000000002,3898.000000000004,3621.162534584884,True
2022-09-16,1769.000000000001,3911.000000000002,3728.1848028152267,True
2022-09-17,1602.999999999999,1616.0,1173.1392122114,True
2022-09-18,2845.0,1352.0000000000002,1327.7337055930177,True
2022-09-19,3948.0,3911.000000000002,3887.3580406478513,True
2022-09-20,3370.0000000000005,3083.0000000000005,2760.523247064941,True
2022-09-21,4196.000000000003,3035.000000000002,3002.710487004661,True
2022-09-22,2724.999999999999,2775.000000000002,3139.2373258950493,True
2022-09-23,3308.000000000001,1769.000000000001,3200.6528991348227,True
2022-09-24,1577.9999999999998,1602.999999999999,1631.9537398336145,True
2022-09-25,1291.0,2845.0,1294.6665238095234,True
2022-09-26,3862.000000000002,3948.0,4127.726684941019,True
2022-09-27,2762.0,3370.0000000000005,3093.4154384216486,True
2022-09-28,2153.0000000000005,4196.000000000003,4007.8770247779485,True
2022-09-29,3734.0,2724.999999999999,3157.6409993863567,True
2022-09-30,3103.0000000000014,3308.000000000001,3126.112165962552,True
2022-10-01,1982.0000000000005,1577.9999999999998,1640.4465842171371,True
2022-10-02,1500.0,1291.0,1355.1605295379904,True
2022-10-03,3975.000000000001,3862.000000000002,3868.016473610576,True
2022-10-04,2840.0,2762.0,2778.0043193959405,True
2022-10-05,2792.0000000000005,2153.0000000000005,3037.794398444491,True
2022-10-06,3535.999999999999,3734.0,3795.036276961712,True
2022-10-07,2727.0,3103.0000000000014,2963.1119514103325,True
2022-10-08,1475.0,1982.0000000000005,1555.0986225633137,True
2022-10-09,1903.0,1500.0,1151.5117160894663,True
2022-10-10,3674.000000000001,3975.000000000001,3959.493623666081,True
2022-10-11,2610.0000000000005,2840.0,2750.564592121327,True
2022-10-12,4690.000000000005,2792.0000000000005,3271.6537773014757,True
2022-10-13,2263.0,3535.999999999999,3637.222384992538,True
2022-10-14,3009.0,2727.0,3222.385133564272,True
2022-10-15,1733.9999999999995,1475.0,1590.047600421435,True
2022-10-16,1132.0000000000002,1903.0,1452.0987700783694,True
2022-10-17,4939.0,3674.000000000001,3988.475534630058,True
2022-10-18,2482.0,2610.0000000000005,3051.2327424896457,True
2022-10-19,3167.000000000001,4690.000000000005,3975.353168717269,True
2022-10-20,3147.000000000002,2263.0,2994.4913785837102,True
2022-10-21,2687.0000000000005,3009.0,2993.502630936849,True
2022-10-22,1795.999999999999,1733.9999999999995,1551.6170923303882,True
2022-10-23,1340.0,1132.0000000000002,1104.847204316517,True
2022-10-24,4541.999999999999,4939.0,4127.669169647816,True
2022-10-25,3277.0000000000005,2482.0,2785.614808845019,True
2022-10-26,2888.0000000000005,3167.000000000001,3172.66889931998,True
2022-10-27,2172.0000000000005,3147.000000000002,3325.5096594077836,True
2022-10-28,220.0,2687.0000000000005,3078.713825195577,True
2022-10-29,1687.000000000001,1795.999999999999,1494.707678835054,True
2022-10-30,1484.0,1340.0,1315.2806220793093,True
2022-10-31,4237.000000000003,4541.999999999999,3795.3723585569346,True
2022-11-01,4441.000000000005,3277.0000000000005,2714.6185200056993,True
2022-11-02,3267.0,2888.0000000000005,3110.251896071926,True
2022-11-03,4135.000000000006,2172.0000000000005,3092.6711144601973,True
2022-11-04,2885.999999999999,220.0,3280.6736446930868,True
2022-11-05,1860.0,1687.000000000001,1637.167003124659,True
2022-11-06,891.0000000000002,1484.0,1611.2439580697082,True
2022-11-07,3886.0,4237.000000000003,4274.190865382637,True
2022-11-08,2301.0,4441.000000000005,3373.6043628609373,True
2022-11-09,2430.0,3267.0,3438.6198462158577,True
2022-11-10,2915.999999999999,4135.000000000006,3191.5680478974336,True
2022-11-11,3067.999999999997,2885.999999999999,3247.73074805663,True
2022-11-12,1584.9999999999989,1860.0,1626.1462713477304,True
2022-11-13,2444.0,891.0000000000002,1263.3613882228885,True
2022-11-14,3663.0,3886.0,3714.058624438484,True
2022-11-15,2898.9999999999977,2301.0,2647.0177675233795,True
2022-11-16,2143.9999999999995,2430.0,2992.207596855252,True
2022-11-17,2968.9999999999977,2915.999999999999,3131.321148807819,True
2022-11-18,2609.0000000000005,3067.999999999997,3008.0743659045374,True
2022-11-19,1272.9999999999982,1584.9999999999989,1542.46701418631,True
2022-11-20,2409.0000000000005,2444.0,1081.338708152958,True
2022-11-21,2853.999999999996,3663.0,3838.739091707895,True
2022-11-22,1918.9999999999995,2898.9999999999977,3128.9370564777805,True
2022-11-23,2011.9999999999984,2143.9999999999995,2649.8993850749357,True
2022-11-24,3382.0000000000023,2968.9999999999977,3236.446297184492,True
2022-11-25,2240.0,2609.0000000000005,2710.196962952391,True
2022-11-26,1548.9999999999984,1272.9999999999982,1512.8152597014155,True
2022-11-27,1164.0,2409.0000000000005,993.4253658008658,True
2022-11-28,4484.999999999998,2853.999999999996,3610.7949686156144,True
2022-11-29,1892.9999999999989,1918.9999999999995,2816.191679140091,True
2022-11-30,2294.9999999999995,2011.9999999999984,2838.5446531124553,True
2022-12-01,2805.9999999999977,3382.0000000000023,3307.0483166612244,True
2022-12-02,2494.0000000000005,2240.0,2680.376528822125,True
2022-12-03,1583.9999999999984,1548.9999999999984,1418.1965193556434,True
2022-12-04,444.0,1164.0,1146.9105315656568,True
2022-12-05,3467.0,4484.999999999998,3334.046529040403,True
2022-12-06,2245.0,1892.9999999999989,2457.2698043423875,True
2022-12-07,1941.9999999999984,2294.9999999999995,2895.4489157030107,True
2022-12-08,3889.000000000004,2805.9999999999977,3164.871610424392,True
2022-12-09,2527.0,2494.0000000000005,2676.2634646902966,True
2022-12-10,1639.999999999999,1583.9999999999984,1454.3747959540453,True
2022-12-11,1512.0,444.0,1220.860526154401,True
2022-12-12,2305.0,3467.0,3719.1600603845286,True
2022-12-13,2284.0000000000005,2245.0,2758.6813468329847,True
2022-12-14,2033.0000000000005,1941.9999999999984,2790.97052826132,True
2022-12-15,1573.9999999999986,3889.000000000004,3107.5141484271244,True
2022-12-16,3067.0,2527.0,2996.8322287334317,True
2022-12-17,1287.9999999999989,1639.999999999999,1523.4372260101002,True
2022-12-18,1656.0,1512.0,1406.6597692030184,True
2022-12-19,3144.9999999999977,2305.0,3219.129414697311,True
2022-12-20,2220.999999999999,2284.0000000000005,2617.8081820595853,True
2022-12-21,2517.0,2033.0000000000005,2805.376913486424,True
2022-12-22,2918.0000000000005,1573.9999999999986,3501.360007648147,True
2022-12-23,2869.0000000000027,3067.0,3057.743606036324,True
2022-12-24,1183.999999999999,1287.9999999999989,1383.9421713147958,True
2022-12-25,106.0,1656.0,1275.4605097402598,True
2022-12-26,776.0,3144.9999999999977,2817.4603961038956,True
2022-12-27,3457.999999999999,2220.999999999999,2722.941492243866,True
2022-12-28,3132.9999999999995,2517.0,2603.5134146260225,True
2022-12-29,2223.0000000000005,2918.0000000000005,3061.6027250701068,True
2022-12-30,2341.000000000002,2869.0000000000027,3233.3114198882768,True
2022-12-31,946.0000000000005,1183.999999999999,1455.1739130591616,True
